3060,curling
8961,rugby league
4425,John Conyers
4697,Starsky & Hutch
9639,thiamine ion
11602,Central Intelligence Agency
1606,Styria
2813,London Records
728,Reversal of Fortune
12820,County Kilkenny
9528,Tony Thomas
1703,artistic gymnastics
11273,writer
1622,11th United States Congress
1334,Amanda Bynes
3639,The Lion in Winter
5904,The Grifters
6990,Terminator Salvation
9326,The Pirate Movie
14272,News Corporation
5775,G. K. Chesterton
3004,James Fox
8086,North Atlantic Treaty Organization
3734,Marci Klein
3855,University of Otago
1273,Barry Lyndon
7992,The Mask
14472,Pembroke College
13408,international relations
8488,The Squid and the Whale
505,Royal Academy of Dramatic Art
10729,Scent of a Woman
6595,Richard Marx
9784,The Social Network
4226,Dolly Parton
2316,University of Vermont
10373,soldier
9986,Robert Chartoff
8779,Philip Glass
6262,Rick Nowels
3594,Nebula Award for Best Short Story
13096,The Deer Hunter
2187,Nathan Lane
3564,Caribbean Sea
2557,Hal Roach
6949,Infernal Affairs II
2361,multiple myeloma
8852,Punjabi
10931,Clark Gable
9727,The Illusionist
9099,Rihanna
11417,Matthew Weiner
2458,Scatman Crothers
12741,The Best Exotic Marigold Hotel
495,Epitaph Records
4793,Screen Actors Guild Life Achievement Award
9385,Jenna Fischer
442,Legion of Honour
6885,XL Recordings
8977,John Powell
820,Norman Lear
10339,Carry On
2020,Charles Darwin
13951,Mount Holyoke College
3439,108th United States Congress
14454,Winston-Salem
9481,Syracuse University
12502,Dave Mustaine
10094,For Your Consideration
10277,Pan's Labyrinth
4978,S.L. Benfica
6045,Graham Chapman
10340,Wurlitzer electric piano
10945,Katowice
13515,The Waltons
355,University of York
11713,My Week with Marilyn
1638,Cicely Tyson
3975,Agnes Nixon
7391,Hallmark Hall of Fame
1933,Yui Horie
4883,fullback
1947,Dalian
2870,David McCallum
14268,Howard Stern
1767,Eliza Dushku
14102,Rod Stewart
2887,Karen Black
4253,University of Buenos Aires
8452,The Hangover
6068,Crown of Aragon/ corona d'aragó
8159,Nauru
8588,Lyle R. Wheeler
14468,Merton College
2607,University of Zurich
13717,Cambria County
4260,Lawrence Kasdan
7079,Grenada national football team
1475,hard bop
9433,Punjab
9512,veganism
8889,sexploitation film
8754,"The Chronicles of Narnia: The Lion, the Witch and the Wardrobe"
9409,63rd Academy Awards
40,Laurie Anderson
12468,Jacksonville
8103,Aidan Gillen
3547,University of Minnesota
23,Morgantown
5374,69th Academy Awards
7798,mechanical engineering
12962,Alberta
11181,Friends with Benefits
7990,Club Universidad de Chile
7564,Pharrell Williams
426,Dirk Bogarde
10639,Le Havre A.C.
8238,S.K. Sturm Graz
5191,13 Going on 30
14064,L-Cystine
11876,"Lust, Caution"
2082,Robin Hood: Prince of Thieves
12707,Jane Fonda
11224,Dorothy Jeakins
11548,Craig Rocastle
5811,German cuisine
4059,Hereford United F.C.
11033,Suva
7556,Larry Niven
10935,Kassel
6392,Rubin Kazan
5321,Mean Girls
3413,Grammy Award for Best Album for Children
6429,2009 Sundance Film Festival
9487,Jeremy Davies
6238,APOEL F.C.
5648,George Orwell
11851,The Aristocrats
11227,Robert Schumann
13141,Laura
4882,Venu Madhav
245,High Wycombe
12744,Mandatory Palestine
9437,Sindh
8898,Hannibal Rising
11364,Screen Actors Guild Award for Outstanding Performance by an Ensemble in a Drama Series
9090,James McAvoy
14134,Tempe
4148,Jason Kidd
10951,Jeremy Renner
6852,1954 Major League Baseball season
5354,K-pop
7650,Vanity Fair
8003,Maharashtra
5241,George Kennedy
8822,Monica Rial
1364,June Allyson
6883,Jack Kerouac
7625,Lutheranism
13682,Harris County
5798,2004 NBA Draft
4787,Comic Relief Does Fame Academy
3553,Freakazoid!
8766,Superman/Batman: Public Enemies
5243,Fiji
9037,Rajasthan
3701,democracy
14350,Royal Oak
8074,American Book Awards
11386,slice of life
3815,Maura Tierney
2605,Robert Smith
2368,Benicio del Toro
5399,University of Madras
10989,serial killer
6784,Kazakhstan national football team
13667,Falls Church
11159,Ezra Pound
13166,Ran
7521,Tooth & Nail Records
2200,Dilwale Dulhania Le Jayenge
6254,Steve Gerber
1291,Paul Bettany
12485,Abraham Lincoln: Vampire Hunter
4709,historical fiction
12907,Michael J. Fox
4906,Lea Michele
10840,1992 NCAA Men's Division I Basketball Tournament
5726,Sleepers
7361,Alliance Films
7491,Leipzig
14199,Fort Lauderdale
3120,Dr. John
10433,A Star Is Born
2846,Daddy Yankee
11178,Peter Weir
8357,Massachusetts
12229,Sofia
5136,Kappei Yamaguchi
10159,The World's Fastest Indian
5451,SK Rapid Wien
396,Cuba Gooding Jr.
11457,Buffy the Vampire Slayer
13080,Arizona Coyotes
6472,Hamilton
12705,Duluth
7979,Donnie Yen
10605,Screen Actors Guild Award for Outstanding Performance by a Male Actor in a Leading Role
826,IMAX
13923,DeKalb County
7421,Cape Verde national football team
6168,Kevin McHale
12935,headache
7497,itch
7865,Julia Ormond
172,Ireland
11624,Mantua
10066,WarGames
5059,Alfred Newman
1093,Northwestern State University
6941,Amadeus
8515,Philip K. Dick
2830,Ian McEwan
10697,Robert Zigler Leonard
139,Bowling for Columbine
3181,South Shields
12230,Taipei
10692,FSV Frankfurt
12861,18th Screen Actors Guild Awards
7805,Max Weber
9292,Sydney
5781,Ghent
11740,FC Kuban Krasnodar
13490,John Zorn
9181,88th United States Congress
10422,museum
12246,28th Academy Awards
13775,Anguilla
5151,Tulane University Law School
4887,Changeling
5715,Mark Ruffalo
10118,set decorator
1341,Notting Hill
14227,Columbus
3327,Palomar Observatory
8140,The Cabin in the Woods
7011,Jill Scott
9781,Pamela Fryman
4385,Mountain Time Zone
10817,Smokin' Aces
369,Zhang Yimou
3012,Verve Records
10170,Election
2682,David Geffen
9136,Sega Games
13027,Hebei
2840,University of Essex
1393,Bury St Edmunds
7815,modernism
4158,David Wenham
7422,James Wong
3305,William Friedkin
3512,potassium
8491,The Last Airbender
3557,David Nutter
3107,Ashford
9132,Scientology
7855,marriage
9368,Scott McDonald
12317,Perth
12608,philosophy of mind
6043,Peter Cullen
10026,Wyoming
7610,Sheila Nevins
200,Chesterfield
9319,Larry Cohen
5928,Kingdom of Bulgaria
144,University of New South Wales
6287,Roots
12555,Anne McCaffrey
12696,Merryl Streep
872,House of Hanover
1486,Billy Bob Thornton
3537,accountant
7734,Maldives
7099,Keanu Reeves
6957,Antonio Banderas
11475,Brett Favre
7489,Shanghai Shenhua F.C.
7029,James Stewart
2876,KRS-One
8616,Vladimir Lenin
10304,BAFTA Award for Best Actress in a Leading Role
10337,Crimean Astrophysical Observatory
3162,Manisha Koirala
4942,The Big Bang Theory
7790,The Twilight Zone
9443,Saint Patrick
10747,Jackson
9434,The Man Who Knew Too Much
10725,Easton
9744,L-Tyrosine
4640,ecology
7660,Laura Innes
12629,Homeland
5704,Skidmore College
5544,Belgium national football team
11979,John Travolta
12083,Peter Gabriel
6474,Paul Sorvino
12404,National Book Award for Fiction
3726,Satellite Awards 2006
11449,water polo
8826,Order of St. Olav
10699,Academy of Motion Picture Arts and Sciences
8672,Peterborough
6122,Priyanka Chopra
13758,Portage County
13472,1932 Summer Olympics
11961,Angels & Demons
10015,The Cider House Rules
6833,June
2998,cello
1153,dark wave
6154,Hammond organ
5773,Peter Buck
13377,Mono County
2734,Jimmy Page
4210,David Spade
12535,Game Change
1904,CeCe Winans
5376,Ray Winstone
9165,James Hong
6858,Jean Cocteau
1549,Burt Lancaster
7222,Kingdom of the Netherlands
420,Melvins
9502,Siena
3762,Count Dracula
11495,Cleopatra
6723,indie pop
8245,nursing
6779,Nick Broomfield
4587,Central European Time
4480,University of Alabama at Birmingham
11102,Limitless
506,Ralph Richardson
758,Ed Harris
11927,Georgia Institute of Technology
1704,Batman
2586,Arthur C. Clarke Award
10110,Democratic Republic of the Congo
2365,Martine McCutcheon
4211,conga
5272,UTV Motion Pictures
9473,Matthew Morrison
1407,Harland and Wolff
1318,Agnes Moorehead
8582,Rodrigo Santoro
815,University of British Columbia
10409,Dante Spinotti
9862,University of Dhaka
630,roots reggae
2538,UNK_25
1210,Joanne Woodward
5830,Televisa
12259,Trenton
12400,Chatham
11041,Britpop
14408,"Charles, Prince of Wales"
7679,Andrew Lincoln
8272,FC St. Gallen
1794,Bergamo
3022,Crunk
14288,Kingston
511,Harry Dean Stanton
4907,Hobart and William Smith Colleges
12670,FC Khimki
5674,King Arthur
4223,starting pitcher
2859,Steve Jordan
11077,Winchester
9004,Royal Navy
7931,Manchester
7589,Louis Armstrong
7749,Richard III
6892,Topsy-Turvy
4491,Jeremy Northam
6119,Eddie Albert
5298,Jermaine Dupri
539,Michael Hordern
3531,T. Rajendar
714,John Cale
865,Bremen
4272,Grammy Award for Best Rock Gospel Album
9968,Danny Denzongpa
12978,Box Elder County
6490,The Motorcycle Diaries
8367,John Box
7793,David Chase
7657,neofolk
7026,Ajay Devgan
13883,Kennebec County
360,Ken Burns
11188,Regency Enterprises
12666,Louisiana Tech University
6441,The Human Stain
10048,Wallace Shawn
1124,CBS News
3133,City Slickers
9230,16 Blocks
2803,Cairo
5589,PolyGram Filmed Entertainment
2743,Henry Mancini
4741,University of Bucharest
12684,End of Watch
4902,Florida A&M University
4192,21 Grams
6032,Phil Hartman
5520,Fort Collins
4762,The Starter Wife
11492,European theatre of World War I
12846,Lionel Barrymore
11216,FC Schaffhausen
12078,Salzburg
7768,The Golden Compass
13542,Jonathan Frakes
13145,Miramax
659,Itzhak Perlman
5313,fiction
351,Heavy Metal
3104,King's Lynn and West Norfolk
12795,Rickey Henderson
5711,Greece national football team
273,Abilene
445,Berlin
13354,Shanxi
7677,Michigan
9593,melodic hardcore
5710,Golden Gate Bridge
2469,The Little Mermaid
8293,David Simon
5551,Colombia national football team
10199,long snapper
1388,Daniel Barenboim
7669,Metallica
8745,Carmine Infantino
9415,Southeast Asia
3909,lead guitar
204,Nick Park
8590,Jack Elam
4571,Tony Sirico
5561,Fritz Lang
12934,Napoleon
2153,Alberto Iglesias
5701,Ghana
9723,Christian hardcore
11117,Vernon Chatman
5662,Guyana
4947,CWA Ian Fleming Steel Dagger
7588,Kid Cudi
7186,Kentucky
13424,Neve Campbell
398,Hangzhou
10426,Norfolk
7658,Vera Drake
2693,Greater Houston
2617,Tara Strong
3630,2000 Major League Baseball season
7950,Holby City
5147,symphonic black metal
10411,Golden Satellite Awards 2004
676,Jonathan Lynn
9811,University of Michigan
11100,I Spy
12856,Steven Seagal
13319,Imperial County
8393,Tom DeFalco
1866,esophageal cancer
12787,65th British Academy Film Awards
3146,Redlands
9361,Lou Scheimer
9722,Thuringia
7311,Missouri Tigers football
13870,Genesee County
13356,Santa Cruz
12569,Academy Award for Best Actress
2145,Gateshead
10012,William Howard Taft
7468,Nine
3210,Sonic X
7794,A Civil Action
4701,Van Helsing
1295,Only Fools and Horses
10466,Dark Shadows
11970,Bureau of Land Management
13316,The Wolfman
10807,Marco Beltrami
11288,War Horse
11067,Katharine Hepburn
13820,Richard Branson
3906,Dwight D. Eisenhower
4186,Anger Management
11571,Regensburg
4710,vitamin A
5010,Eastern North Carolina
10024,Windsor
10005,T-Pain
3368,Glen A. Larson
13854,Washington County
4865,P.S. I Love You
8210,MSV Duisburg
9448,Harold Gould
2766,Jon Bon Jovi
3620,Washington State Cougars football
7175,Kraftwerk
9771,time travel
14145,Eureka
256,Australian Broadcasting Corporation
10468,16th Screen Actors Guild Awards
2109,liver tumor
12220,Basra
65,The Full Monty
6167,Roger Birnbaum
1102,carpentry
12652,58th Primetime Emmy Awards
2363,Jane Krakowski
13943,County Limerick
10544,Mars Attacks!
1216,Shanghai Knights
4142,Cold Mountain
1823,The Rose
6341,China national football team
5390,Christine Langan
3994,feminism
600,Jaipur
5663,Jason Lee
4322,tight end
1848,Rebecca Romijn
6398,Stan Laurel
11234,Kevin Corrigan
5688,chronic kidney disease
11954,Lorenz Hart
6832,Jane Austen
2536,Humboldt University of Berlin
4977,visual effects art director
13916,Zhejiang
7648,Celtic rock
438,Brampton
485,Hud
9649,train
7443,Network
893,University of Missouri
5106,Tony Scott
7541,Notre Dame Fighting Irish football
2029,Chris Thile
7115,Prince of Persia: The Sands of Time
5856,Ismail Merchant
8583,Palau
3971,Santa Barbara
12530,El melon
220,Joe Jackson
3956,David Hilbert
13460,Melissa Etheridge
10865,Mutiny on the Bounty
11189,Albany Devils
6283,Hobart
9161,Bob Weinstein
12753,Zaragoza
2555,New York metropolitan area
11123,49th Academy Awards
12331,Oregon State Beavers football
5507,Harry Potter and the Order of the Phoenix
12373,cabaret
686,Destiny's Child
388,Star Trek: Insurrection
13946,University of Southampton
9547,The Beatles
2728,The Edge
2380,Procter & Gamble
12922,Brighton & Hove Albion F.C.
14204,Andrew Jackson
7619,superhero film
12539,Bounce TV
7763,Walter Plunkett
1233,2001 Grammy Awards
4411,Stacy Keach
1860,Radcliffe College
1208,KwaZulu-Natal
644,Peter Ustinov
6292,David A. Stewart
8776,Percy Jackson & the Olympians: The Lightning Thief
7968,John Swartzwelder
1745,Michael Keaton
1922,Kirk Franklin
6792,Jamaica national football team
6074,George Duning
14398,"Englewood, New Jersey"
6257,Adam Goldberg
1197,Three Kings
10776,Monterey
10988,Gwyneth Paltrow
10567,Don Siegel
10445,Richard Portman
3303,Rhino Entertainment
4274,Dennis Hopper
4699,Kellogg School of Management
2328,Con Air
6657,avant-garde music
10962,13 Assassins
11464,Feyenoord
4107,106th United States Congress
3100,Irvine
9499,Silver Star
5540,Alpha Delta Pi
11081,52nd Primetime Emmy Awards
15,Monte Carlo
3252,Chittagong
14133,Scottsdale
13805,Atlantic County
2575,Peter Cook
10910,An Inconvenient Truth
1586,Minas Gerais
7436,Lesotho
14194,Greenwich
2480,Cardiff
6867,Mark Mancina
14276,The Right Stuff
566,easy listening
2761,Kid Rock
11111,F.C. Lorient
85,Jackie Gleason
10712,The End Records
6772,Ukraine national football team
9887,The Smurfs
1871,Travis Tritt
8541,20th Century Fox Home Entertainment
5154,UNK_7
11389,Edward VII
7342,Universal Records
5844,Alice in Wonderland
4922,Jersey Girl
3764,Jack Huston
2677,Richard Chamberlain
12389,Messina
3093,Columbia
4092,Gustavo Cerati
5661,George H. W. Bush
11493,Goldie Hawn
6458,bay
9770,Tim Curry
12775,Silver Linings Playbook
6086,Gorillaz
5089,Robert Forster
8017,Bradford Park Avenue A.F.C.
14107,Aachen
2889,Steven Tyler
7646,liberal arts college
7719,Irwin Winkler
3232,chemotherapy
12204,economist
5664,geography
11322,Rajendra Nath
2708,Levon Helm
6464,Tate Donovan
12809,breakbeat
8504,physics
4087,Brad Dourif
5835,Ed O'Neill
13259,Bryn Mawr
12654,Bendigo
10380,Raghuvaran
5142,Electric Light Orchestra
8471,Enlightenment in Spain
12996,The Third Man
7210,right fielder
10488,Carlton Cuse
12838,LGBT
11536,Dick Cheney
8746,political science
564,Angela Lansbury
1378,Laval
10534,Seraphim Falls
1814,Providence College
12881,The African Queen
4286,The King of Comedy
1899,Birkenhead
9130,American Council of Learned Societies
4987,Flight of the Conchords
10095,Yerevan
7573,Melbourne Victory
14280,Hannah and Her Sisters
14373,Great Falls
1671,Ray Romano
6335,Eva Longoria
11031,Anthrax
4080,Communist Party USA
14068,Mughal Empire
9830,Trinity College
6823,Jules Verne
9110,Natalie Morales
5565,Ronny Cox
1467,docudrama
3913,High Anxiety
9710,Theravada
10235,Kayserispor
8378,Oxford
12152,Chick Corea
10479,Tennis Borussia Berlin
2700,Italian Renaissance
5850,John Woo
1055,Benjamin Franklin
4339,Len Wein
20,Everett
162,Albanian
7729,Exodus
10987,British Raj
252,East Lansing
25,Nikolai Gogol
3949,SC Cambuur
5274,Satellite Award for Best Cinematography
8627,Orry-Kelly
3675,The Prize
13050,Houston Rockets
562,Bahrain
2416,Brad Garrett
2063,Newburgh
1607,Claire Danes
345,Mstislav Rostropovich
14017,Denzel Washington
5443,Anthony LaPaglia
9387,March of the Penguins
913,Colm Meaney
37,timpani
11867,children's literature
753,Peter Fonda
13878,Flathead County
782,Porto Alegre
6728,Miami metropolitan area
13035,New York Knicks
2758,George Michael
2920,Waddy Wachtel
3139,Barrow-in-Furness
8932,Roman Empire
3143,Charles Stross
6897,Emily Blunt
6714,Sparks
5618,Irish American
118,Adolphe Menjou
1579,Chris Cornell
12384,pornographic actor
4836,Teletoon
3183,speaker
3023,Breakcore
660,Ben Kingsley
5822,George Fenton
5579,Richard Masur
8857,Pittsburgh
9436,Spanish Civil War
5471,Legislative Assembly of Ontario
2053,Andover
11229,Espoo
3693,Digital Equipment Corporation
8171,San Diego State Aztecs football
1442,Alice in Wonderland
4029,Colchester United F.C.
12269,San Juan
1552,Walter Lantz
13795,Mercer County
4062,Northwich Victoria F.C.
1687,"University of California, Riverside"
9061,social problem film
8978,Rhine
12238,Montgomery
1014,Loretta Young
14326,Lawrence
12481,Dubuque
12650,Jack Reacher
13185,Cascade Range
3801,Rich Sommer
6625,January Jones
3438,Mark Cuban
6660,The Taking of Pelham 123
13626,Wood County
5268,Satellite Award for Best Adapted Screenplay
10777,Monterrey
7100,Me and Orson Welles
4020,Friesland
4109,Liberty University
13208,Leuven
7193,Matt Lauer
5996,Seattle Sounders FC
13568,Avicenna
7954,George R. Nelson
5877,Shanachie Records
9681,Tampa Bay Buccaneers
12058,Steuben County
6904,Primal Fear
10406,CITV
7162,Korean War
1008,retail
14504,Steubenville
7207,Ellen Page
4852,Philip Seymour Hoffman
3491,"Grammy Award for Best Arrangement, Instrumental and Vocals"
4462,Elisabeth Shue
4189,Samantha Morton
6624,Adam Arkin
13037,Philadelphia 76ers
5644,Turun Palloseura
1757,Varanasi
3735,David Miner
11729,rabbi
751,Woody Harrelson
6182,Tom Waits
7592,Sherlock Holmes
9039,FC Carl Zeiss Jena
582,picture book
10805,Oklahoma City Barons
11349,35 mm film
3040,Charlie's Angels
12448,Lawless
6818,Brave
9749,A.C. Perugia Calcio
14495,Fatal Attraction
11219,Catania
12779,2010 Australian Film Institute Awards
5360,Molly Shannon
459,Blessed Virgin Mary
4998,indie folk
12806,Flight
14267,Pashto
10969,MyNetworkTV
12520,Brittany
5287,National Society of Film Critics Award for Best Supporting Actor
13013,Collier County
12342,2007 NFL Draft
11406,Guitar Hero II
6388,IF Elfsborg
7046,Donal Logue
8675,University of North Texas
5400,2008 Sundance Film Festival
10063,Tony Award for Best Featured Actress in a Musical
7009,Jim Henson
13612,Manche
13329,The Ice Storm
8207,Nicole Kidman
4209,state school
11910,San Jose
12915,Tranmere Rovers F.C.
14265,1998 Winter Olympics
13575,Galway
3711,Lyndsy Fonseca
12826,Northamptonshire
11833,Laura Carmichael
2912,Ben Harper
3577,NC State Wolfpack men's basketball
11557,Corvallis
5212,Faroe Islands
1948,Antilles
7796,Estudiantes Tecos
2123,Elizabeth Daily
7236,Peter Lamont
6383,Hewlett-Packard
11879,David Henrie
2249,Jennifer Love Hewitt
1106,Harlem Renaissance
10627,Solitary Man
7863,The Rules of Attraction
9573,Mo Willems
12098,Thiruvananthapuram
2023,Buenos Aires
119,Jackie Cooper
3943,New England
478,Western Michigan University
5834,Thirtysomething
8024,Michael Crichton
7457,Lund University
4356,Olympique de Marseille
13059,Phoenix Suns
6140,Robert Gates
12799,The Gambia
9055,epic film
2797,Richard Hunt
775,glam metal
689,1900 Summer Olympics
5176,Stanley Donen
1912,Matador Records
2071,Czechoslovakia
11414,Bad Teacher
1882,Moonraker
12293,29th Academy Awards
11199,Roland Anderson
11768,Somerset
9551,Thomas Hobbes
1004,dub
13053,San Antonio Spurs
7230,U.S. Gold
6473,Cars
9516,viola
10846,2000 NCAA Men's Division I Basketball Tournament
866,Brandenburg
8055,Dee Bradley Baker
6418,Grammy Award for Best Contemporary Jazz Album
7936,Mel Brooks
12667,Foreign Correspondent
6394,Peyton Place
4292,Jared Leto
13913,DuPage County
3782,Chris Sheridan
4747,Four Rooms
2104,Ben Stein
7859,Elie Samaha
10182,The Women of Brewster Place
3051,Christopher Plummer
12599,CNN
7892,Cercle Brugge K.S.V.
10827,Flash Gordon
1970,Bill Conti
8890,Queen's University
10275,TMNT
12046,North Brabant
10821,Leigh Harline
10484,niacin
9807,Chris Brown
844,Willy Wonka & the Chocolate Factory
8765,Pierre Trudeau
5577,Ving Rhames
6444,Shōtarō Ishinomori
10419,Charles Lang
2033,Celtic music
3538,2008 NBA Draft
7282,Mithun Chakraborty
5620,Terry O'Quinn
7384,MeTV
6687,Tabu
1262,Canton of Valais
11767,Cisco Systems
10735,accounting
8622,Ferret Music
179,psychedelic trance
11225,Brad Pitt
8459,Portland Timbers
12439,Samuel R. Delany
9066,Richard Jenkins
9738,American Pie
9869,Democratic-Republican Party
9913,Venezuela
6056,Macy Gray
2763,Ice Cube
2932,Keir Dullea
10510,NOFX
2048,Rose McGowan
8639,Relapse Records
7003,Jack Kemp
1804,Finding Nemo
12763,Benjamin Britten
9847,"University of California, Davis"
7483,League of Nations
12633,Piranha 3DD
1156,Spelman College
12671,Great Expectations
12198,Penn State Nittany Lions football
1974,Amanda Lear
8981,Ruth Gordon
14097,cancer
4009,Fort Wayne
580,electronic body music
661,F. Murray Abraham
7493,Matthew Bellamy
466,Journey
5375,Northern Illinois University
12309,Parkinson's disease
4401,Newnham College
1997,Governor of Massachusetts
5204,Cairo University
11981,F.C. Ashdod
9960,Vice President of the United States
14130,Chandler
2219,Mike Judge
3614,dance
7339,Michel Colombier
1654,Madchester
5665,Greek mythology
12232,Tehran
7109,Shanghai
11373,Vancouver
6039,post-industrial music
316,Phil Collins
11533,Georgia
14175,Oceanside
10412,PFC Cherno More Varna
3615,Alabama Crimson Tide football
9349,FC Tom Tomsk
2425,classical guitar
1075,Fluminense F.C.
9684,Toronto Blue Jays
1546,Marisa Tomei
8958,Red Dwarf
13720,Blair County
1771,Selangor
11073,"AACTA Award for Best Telefeature, Mini Series or Short Run Series"
7242,Tom DeLonge
8449,Golden Raspberry Award for Worst Screen Couple/Ensemble
7183,Around the World in 80 Days
13696,Beaufort County
3163,Dennis Rodman
8696,European Film Award for Best Actress
4044,Oxford United F.C.
13111,Pasco County
6160,Brothers
11028,Grant Heslov
8201,Magnolia Pictures
2148,Invercargill
3344,Heath Ledger
6894,J. G. Ballard
5351,National Society of Film Critics Award for Best Actress
8818,Inception
2355,Drugstore Cowboy
13018,Azerbaijan
14395,Nashua
6973,James Spader
10032,William Butler Yeats
13482,Lagos
7140,Youth in Revolt
1179,The Bold and the Beautiful
4457,"University of California, Hastings College of the Law"
8665,Kalmar FF
10413,Bangalore
10734,Pawtucket
7329,Villarreal CF B
5257,Ballet Shoes
749,Geoffrey Rush
9358,Elizabeth Banks
12203,The Police
12015,2010 NCAA Men's Division I Basketball Tournament
6875,J. D. Salinger
5260,Achala Sachdev
14159,Carmel-by-the-Sea
122,Jackie Chan
2613,Neil Jordan
789,Stavanger
8676,Paul Reubens
2787,Sheena Easton
8650,Vondie Curtis-Hall
12999,Bob Fosse
12558,All About My Mother
8204,FC Arsenal Kyiv
13928,Boulder County
3372,Tony Levin
2710,"Larry Mullen, Jr."
1130,alternative metal
10011,William McKinley
12573,Academy Award for Best Original Song
11546,You Only Live Twice
2541,John Turturro
14019,Porto
11198,Portland
8673,A.F.C. Telford United
950,Forest Lawn Memorial Park
5091,David Paymer
11975,Columbia County
5499,David Grisman
6321,human rights
3494,xXx
7943,Portmore United F.C.
11705,This Must Be the Place
3857,Shine a Light
1094,mountain biking
3727,Lisa Connor
14021,Regina
7083,Jay Leno
7382,restaurateur
2440,Malcolm in the Middle
13487,Utica
11694,Curse of the Golden Flower
2224,Latin jazz
5500,French horn
4284,University of Louisiana at Monroe
12517,University of Warwick
10049,West Bromwich Albion F.C.
11672,Philadelphia
2091,video game
11454,Ugly Betty
5281,Independent Spirit Award for Best Screenplay
4940,Caesars Entertainment Corporation
10430,meningitis
14149,Culver City
10854,Merced
8708,president
8965,Adrian Grenier
2164,Nick Mason
6905,James Madison
2231,Fred Willard
1169,Gonzaga University
1087,Kyoto University
4542,Don Ameche
14333,Australian English
9312,suicide
8253,Nobel Prize in Chemistry
10659,Hong Kong Film Award for Best New Performer
8706,film adaptation
10045,Windows XP
1463,Aliens
10768,Nirvana
13810,Huntington
8081,Maxis
2135,Joan Rivers
7469,library science
13132,Disney's House of Mouse
9102,Cleveland Institute of Music
8258,University of the Punjab
7288,Chris Noth
11339,Victoria
8166,61st Primetime Emmy Awards
10150,Lawrence Gordon
2075,Harvard College
13510,Lancaster
13088,tobacco smoking
8626,Philip K. Dick Award
9620,Taoism
4236,MTV Video Music Award for Best Female Video
7283,Tohoku Rakuten Golden Eagles
2515,Zoolander
228,Beck
7104,Transformers: Revenge of the Fallen
337,John Williams
1340,Fairuza Balk
13085,Frank Miller
10418,SV Waldhof Mannheim
9851,F.K. Vojvodina
10920,SSV Jahn Regensburg
12834,New York Islanders
4493,pedal steel guitar
8373,Ottoman Empire
9386,sinusitis
2690,Two and a Half Men
5640,Amy Brenneman
7747,Martinique
3290,Marcia Gay Harden
10030,William Shatner
8666,poet
10909,Jerry Douglas
13011,Broward County
3927,women's studies
656,Johnny Mercer
11174,Tony Gaudio
5534,Short Cuts
12267,Madison
4326,Dean Koontz
3945,From Dusk till Dawn
3064,Television Broadcasts Limited
2319,Rahul Dev Burman
11365,Swansea
1187,SK Brann
3394,Clive Barker
11973,2007 NBA Draft
3503,Mecklenburg County
6131,Smallville
9534,Sacramento
7359,Liberal National Party of Queensland
11766,The Lives of Others
5611,Sonoma State University
1138,Yorkshire Terrier
4073,Mission: Impossible II
7417,A Very Long Engagement
13825,Brent Spiner
10127,David Petraeus
633,Colin Wilson
2590,Western Cape
9956,Howl
2409,Pat Benatar
12805,Andorra
12324,administration
10368,Broadcast Film Critics Association Award for Best Actress
10171,Jade North
2229,Anthony Newley
3412,Robert Wyatt
7315,Henry Gibson
14251,Muncie
5358,Punch-Drunk Love
9214,2012 Summer Olympics
8421,Odense
292,Tejano music
7467,London
165,George Stevens
5171,Elvis Costello
11378,Sailor Moon Super S: The Movie
1191,Soap
1884,Goldfinger
11099,Bruce Broughton
3080,Cincinnati Reds
1697,Richard Pryor
927,Oldham
8957,110th United States Congress
9075,Ramones
2609,Martin Short
11596,Sussex
1403,Universal Music Group
4102,diving
5074,William Forsythe
2601,West Java Province
4829,The Village
11343,Solaris
14385,Billings
3111,Kettering
78,peritonitis
14029,children's television series
818,Power Rangers
6517,Andy Harries
11436,Screen Actors Guild Award for Outstanding Performance by an Ensemble in a Comedy Series
6125,history
11873,modern pentathlon
7535,Golden Raspberry Award for Worst Supporting Actor
5036,Tyrone Power
6926,Masako Nozawa
6921,James K. Polk
10237,Jyothika
1275,Grammy Award for Best Rap Album
8164,Master
596,Bosnia and Herzegovina
7922,Joseph C. Wright
6248,historian
965,Rosalind Russell
9154,Sony
13021,Metro Manila
4880,Iftekhar
13818,Elko County
11083,Montgomery County
10358,WCW WorldWide
2460,Yuvan Shankar Raja
11920,Leonard Nimoy
12090,Tuvalu national football team
9908,The Velvet Underground
2468,Kurtwood Smith
4045,Rochdale A.F.C.
11742,Ralph E. Winters
8894,UCLA School of Law
13865,Oakland County
5291,funk
14281,1920 Summer Olympics
9631,Terry Gilliam
12265,Didier Six
4749,You Don't Mess with the Zohan
7144,Kurt Cobain
4851,Chris Lebenzon
4921,BAFTA Award for Best Animated Film
10927,Paul Junger Witt
10880,Dan Stevens
4918,BAFTA Award for Best Original Screenplay
12094,Ohio State Buckeyes football
2423,Charles Baudelaire
9094,UNK_12
12693,Haarlem
5109,Evil Angels
11728,Restless
9641,White American
6552,Ireland
5528,Cynthia Watros
8834,Alien
2118,soul jazz
8563,Provisional Irish Republican Army
1918,Smith College
8467,52nd Annual Grammy Awards
4809,Marshall University
3081,Joan Chen
12082,LSU Tigers football
3414,Grammy Award for Best Musical Album for Children
13531,New Haven County
6718,insurance
12507,Primetime Emmy Award for Outstanding Guest Actress in a Drama Series
3136,Laval University
2426,Socialist Federal Republic of Yugoslavia
724,Edward James Olmos
13247,ESPN
9845,"University of California, San Francisco"
13995,Mannheim
11829,The Help
2749,Sammy Cahn
2150,Austrian Empire
299,La Toya Jackson
5767,Peter Pan
7854,Joel David Moore
3293,Northeastern University
6430,60th Primetime Emmy Awards
5524,Falklands War
145,Austria-Hungary
903,2010 Winter Olympics
8352,Tom Noonan
8605,Soviet Union
3992,Face/Off
5812,Gerard Butler
640,The Usual Suspects
5050,forward
6893,Julius Caesar
4261,Southern Methodist University
8156,Kaneto Shiozawa
5145,adult contemporary music
12156,Tompkins County
3704,productivity
11846,Genesis
10879,Michael Schur
468,Tel Aviv University
11864,County Tyrone
10206,Relativity Records
8967,renewable energy
6535,Filmfare Award for Best Actor
8567,Bleach: Fade to Black
4207,Diane Sawyer
9934,Vangelis
569,Brett Ratner
5582,Full Metal Jacket
957,Pierce Brosnan
13473,Hilary Duff
3359,Bill Nelson
5973,Elizabeth Page
10107,Digimon Adventure 02
1398,Carleton University
13706,Mercer County
13204,Yankee Doodle Dandy
10485,L-Phenylalanine
13652,Clallam County
13942,Fred Zinnemann
2681,Anne Heche
13450,Agatha Christie
7670,Mary Pickford
11699,Seamus Heaney
12209,Stephen McHattie
1694,Museo del Prado
13792,Morris County
6789,The Tourist
5460,Friends
225,Donna Summer
6425,Stephen Frears
11991,Titus Welliver
5566,Friedrich Hayek
14038,Alkmaar
13581,County Kerry
2419,Alias
11433,Donald McAlpine
6947,Weeds
6208,The Soloist
7791,"Greystoke: The Legend of Tarzan, Lord of the Apes"
7477,Leonhard Euler
4863,The Pacific
7146,Kansas City Chiefs
6770,information technology
1213,Rensselaer Polytechnic Institute
5951,Jay Bennett
7795,Michael Moorcock
12509,38th Daytime Emmy Awards
2217,John Schlesinger
13602,Ben Stiller
3015,Crete
8734,Rajesh Khanna
10981,Cookie's Fortune
6426,Matthew Lillard
3596,Paul Thomas Anderson
8419,Oberlin College
12882,Chinatown
5642,Greek
6007,Roadside Attractions
9470,Sprint Corporation
13061,Sacramento Kings
1664,Futurama
2404,Irene Cara
2247,Garbage
6165,Mark Strong
6455,Hanover
1530,Christina Ricci
7472,Lincoln
7580,The Penguins of Madagascar
11303,Queens
11207,Mumford
610,Kool & the Gang
11500,Surrey
13393,Siskiyou County
7711,Peter Riegert
2724,Jack White
465,Medal of Honor
10739,Anderson
10372,Yash Raj Films
7272,Aalesunds FK
2314,Fred Durst
1788,Air Force One
1444,Alex Rodriguez
2237,Naomi Campbell
4149,2004 Grammy Awards
11497,bebop
10354,infection
3106,UNK_6
996,Canadian Armed Forces
5405,Waterworld
9209,Ne-Yo
1264,John Kander
5672,Stephen Goosson
7554,Armand Assante
1313,Chulalongkorn
1223,Bertrand Russell
3090,Penn Jillette
6288,handball
7380,Santa Monica College
10104,Kingdom of Greece
4817,Syracuse Orange men's basketball
2057,Exeter
3938,telecommunication
8466,Ottawa Senators
975,Hammer Film Productions
10986,About a Boy
597,Yunnan
13616,Haut-Rhin
3618,D. W. Griffith
552,Dickinson College
7500,Alianza Lima
6609,Ernest Lehman
12993,lymphoma
5028,Western Australian Legislative Assembly
3088,George Hamilton
12913,Alastair Reynolds
2587,Mute Records
2957,Elizabeth Perkins
10915,William Joyce
9032,SpVgg Unterhaching
3152,Turkey
9306,Eintracht Braunschweig
384,news presenter
6278,Kellie Martin
2642,Craven
8530,Prince Edward Island
5192,Albert Wolsky
13276,Labrador Retriever
9425,syphilis
2080,Greg Graffin
4182,Stephen Schwartz
3301,Paris Hilton
5190,Finland
8759,Terry Crews
952,easyJet
555,Serena Williams
613,Spartacus
8271,New York Mets
14232,Elgin
6586,Antony Sher
9309,Sikhism
3545,Maryland Terrapins football
2821,variety show
4464,Jake Gyllenhaal
9006,Robert E. Howard
4750,The Kite Runner
7149,Joseph Barbera
10750,College Station
7948,Motorola
10677,English American
11709,goalkeeper
4772,True Blood
10293,Walt Disney Studios Home Entertainment
11078,Henry David Thoreau
6959,William Demarest
1674,Christopher Hitchens
1494,LeAnn Rimes
14231,Urbana
4366,English
6631,Bill Melendez
10267,SV Darmstadt 98
5104,What Lies Beneath
11787,General Dynamics
13076,Vancouver Canucks
8863,Quentin Tarantino
8043,Mary Tyler Moore
7951,Apache Wars
10039,Gordon Willis
13075,Minnesota Wild
648,Kensal Green Cemetery
5910,Metropolis Records
546,John Hurt
5684,Baltimore City College
6370,HBO
4982,Love Story
4046,Scunthorpe United F.C.
10247,The Color Purple
8728,comedy rock pop
4443,Europe
11505,Mildred Pierce
5815,Geneva
3997,defender
3084,designated hitter
12694,Peter O'Toole
12909,Tampere
12945,Carnegie Medal
9888,United States Coast Guard
3363,Bewitched
896,Burt Reynolds
4975,Joe Hisaishi
13093,mercenary
9782,dubstep
8592,Christopher Sabat
13224,"California State University, Northridge"
3593,California Golden Bears football
10696,Peter Capaldi
14257,Lafayette
13269,Wilco
13229,Woodland Hills
2396,Jamie-Lynn Sigler
3731,Robert Carlock
14044,Freiburg im Breisgau
3165,Carl Sagan
9762,Tallinn
2068,1997 Grammy Awards
6887,Sciences Po
14434,Niagara Falls
10864,Katie Holmes
1537,University of Tartu
13149,Apocalypse Now
2287,power forward
5483,Colm Feore
8008,Giant Records
1760,Huddersfield Town F.C.
13104,Lee County
1591,ballad
12860,2012 Sundance Film Festival
4075,quiet storm
4646,law degree
7973,Michael Winterbottom
13154,Rope
12562,Academy Award for Best Production Design
9881,University of Chicago
9480,Golden Lion
9895,ukulele
10008,Rainn Wilson
8476,Naruto the Movie: Legend of the Stone of Gelel
2926,clarinet
9892,One Flew Over the Cuckoo's Nest
13727,Lane County
7683,Massachusetts Institute of Technology
3001,Newport
2087,Paul Winchell
11789,vice president
14418,Bootsy Collins
14511,Chillicothe
3649,Arizona State Sun Devils football
7819,Michael Mann
11553,Clark County
6116,Gene Roddenberry
13790,Passaic County
6649,instrumental music
9653,The Shawshank Redemption
6382,Master of Fine Arts
10249,David H. DePatie
8246,Nebraska
9056,Charles Brackett
2408,Steven Berkoff
7774,Morocco
13014,Salisbury
7770,May
8226,South Korea national under-23 football team
8794,pop music
8286,Sandefjord Fotball
1693,University of Western Australia
5966,The End of the Affair
1104,Ulm
4095,Argentina national football team
11353,Dudley Moore
726,Henry V
2213,Poles
9596,Rosemary Harris
3063,Kathie Lee Gifford
2110,Verona
13554,Star Trek IV: The Voyage Home
12490,Ted
3797,Days of Being Wild
10455,Jack Nicholson
13826,Brixton
7888,ballet dancer
77,Lucy Liu
14101,B movie
14417,Paterson
10167,Dean Devlin
804,Molde FK
335,University of Central Florida
6813,Ariel Winter
1651,Arthur Freed
6507,harmonica
6124,Greco-Roman wrestling
5929,George Frideric Handel
2281,American Philosophical Society
13869,Ingham County
9445,JVC Kenwood Victor Entertainment
11730,Pritam Chakraborty
12731,Vanessa Redgrave
2335,Canton of Vaud
5832,Shannen Doherty
1396,Reba McEntire
5596,The Dukes of Hazzard
2637,USA for Africa
2833,Just Blaze
5053,point guard
12263,Harrisburg
6749,Serbia national football team
7995,Parks and Recreation
4556,Central School of Speech and Drama
6521,Grammy Award for Best Contemporary Instrumental Album
11183,Cast Away
8809,University of Southern California
6072,Timbaland
4544,St. Bonaventure University
12575,Academy Award for Best Live Action Short Film
415,David Boreanaz
12863,Girls
10830,1997 NCAA Men's Division I Basketball Tournament
6454,Claire Bloom
2049,communism
10667,Puerto Rican people
6363,Celebrity
12270,Wisconsin Badgers football
11010,2007 NCAA Men's Division I Basketball Tournament
11422,America's Got Talent
6207,H. G. Wells
9735,Evan Almighty
12814,Peshawar
8930,Raging Bull
4974,James Harmon Brown and Barbara Esensten
8785,Christian punk
6386,FK Austria Wien
4988,University of San Diego
5635,Germany
4117,Microsoft Studios
10213,Gene Reynolds
12598,American Broadcasting Company
9886,United States Military Academy
13225,Parlophone
9395,Sabah
1351,teacher
5833,George Mason University
10208,traffic accident
6997,Jennifer Lopez
12017,free improvisation
1672,boy band
5652,Search for Tomorrow
13432,Parliament of Canada
14037,Duisburg
7512,Patton Oswalt
4011,Days of Thunder
14301,Danville
2882,John Stamos
13461,photographer
14440,Dances with Wolves
9759,Tori Amos
7693,Lowell High School
4996,navy blue
1243,Bowdoin College
5772,Rough Trade Records
9226,Slovenia
12000,Lyndon B. Johnson
12983,Tooele County
2383,Kazuhiko Inoue
5501,Grammy Award for Best R&B Album
1045,West Virginia University
681,University of Western Ontario
14200,Hollywood
5431,Virginia Union University
11059,Mahesh Manjrekar
5789,SC Heerenveen
4952,Persepolis
1821,University of Exeter
2320,Bertelsmann Music Group
11565,SuperSport United F.C.
5096,Hugh Dancy
5167,David Mills
7966,Mary Kay Place
13470,Princeton
6819,Cars 2
9930,Lee Garmes
3184,Dore Schary
12074,Children of Men
11237,Amman
14483,Grand Forks
12733,dysentery
13634,Dane County
13981,Speed
1345,Kim Basinger
11710,Red State
12804,angina pectoris
8147,Henry Hathaway
2535,Old Dominion University
12848,Errol Flynn
3967,Zach Galifianakis
12028,Fragaria
8301,Golden Bear
11664,The Pink Panther 2
7093,California College of the Arts
3515,contemporary R&B
545,Being There
13555,The Lion King
10589,slapstick
13785,Union County
5873,James Cameron
2949,Lewis Black
3281,chief technology officer
13958,John Ratzenberger
8278,New Age
11008,J. Michael Straczynski
4499,Santa Fe Province
13578,Giant
4822,Kim Manners
5594,Corbin Bernsen
10795,Suhasini Maniratnam
11226,32nd Academy Awards
7025,Newell's Old Boys
8420,Ian Bryce
2523,Chicago White Sox
8558,Tarzan
6338,The Portrait of a Lady
3702,Daniel Haller
12552,N. Santhanam
4850,Charleston Battery
3196,Master and Commander: The Far Side of the World
5410,University of Louisiana at Lafayette
13311,Lalita Pawar
4803,Indiana Hoosiers men's basketball
3048,Ricky Jay
13776,Wake County
10733,Greensburg
8511,Rajpal Yadav
628,Motown Records
12482,University of Northern Iowa
13732,Clackamas County
7120,Kazakhstan
13962,Richmond
2496,Cheers
1590,Indian classical music
10221,Fantastic Mr. Fox
12172,BIFA Award for Best British Independent Film
14262,Nancy Cartwright
13431,Wil Wheaton
397,Condoleezza Rice
9501,Steve Ditko
7914,Darrell Silvera
4892,Buddy Guy
5489,Julie Bowen
7844,Boris Leven
9327,Don't Be Afraid of the Dark
10385,short track speed skating
5004,Spy Kids
12025,Leslie Nielsen
14369,Arizona Cardinals
13167,James Pickens
4185,Mad About You
219,St. Joseph
79,Yo-Yo Ma
2991,C.F. Atlante
10668,Brad Falchuk
11460,Michel Foucault
4706,midfielder
10357,Philip Pullman
5791,Geraldine Chaplin
12194,Beverly Hills High School
3936,Drexel University
10701,Chevrolet
3652,David Hume
10315,Ray Heindorf
2293,Maurice Sendak
13239,Gardner Fox
14014,Terre Haute
11169,suspense
11748,Eastern Promises
3086,Exeter City F.C.
5531,H.N.K. Hajduk Split
5839,Lee Grant
7590,2009 Major League Baseball season
3548,"Robert Guza, Jr."
4845,EastEnders
8282,nationalism
12370,Binghamton
4881,Landon Donovan
9466,CFR Cluj
10837,1989 NCAA Men's Division I Basketball Tournament
8445,Orkney Islands
2389,Chinese
3678,Detective Conan: Captured in Her Eyes
13301,Coldplay
3597,SV Werder Bremen
13046,Milwaukee Bucks
3606,North Carolina Central University
814,Byzantine Empire
7095,Bedazzled
6985,"The Good, the Bad, the Weird"
11803,Vampire Knight
8165,New Caledonia
4053,Livingston F.C.
12614,The Great Gatsby
12522,Blades of Glory
8969,National Football League Most Valuable Player Award
12470,Earl Scruggs
9198,Don Black
1574,Braveheart
10215,Middle Eastern theatre of World War I
11692,Jackass Number Two
6438,Seven Pounds
6622,Donald M. Payne
11855,Newcastle
8199,Nikola Tesla
4358,Richard Taylor
3420,The Day After Tomorrow
10234,Bindu
9558,Tamil
14172,Carlsbad
9153,Heracles Almelo
6391,SK Slavia Prague
9648,table tennis
4758,Louisville Cardinals men's basketball
2386,Les Fradkin
701,David Schwimmer
3995,Rosario Dawson
7460,Billie Whitelaw
5425,Richard Roxburgh
4638,"City, University of London"
2560,Scarborough
3206,video game industry
10410,Rutger Hauer
6785,Amanda Plummer
10053,FC Luzern
9050,Mommie Dearest
11799,Zeeland
5668,The Stepford Wives
10130,adult album alternative
6567,Irwin Allen
7666,Liv Ullmann
12540,Lincoln
9927,56th Primetime Emmy Awards
5008,Episcopal Church
1499,hardcore hip hop
9365,John F. Seitz
3602,Jesus Christ Superstar
14122,The Elephant Man
9992,Waffen-SS
8657,Prague
6669,John Carter
8846,Real Murcia
7667,Microsoft Windows
7145,freestyle wrestling
3728,Alok Nath
11642,24th Academy Awards
13129,How the West Was Won
12021,Geffen Records
1867,Lenny Bruce
6681,Dana Delany
11396,A Dangerous Method
4382,Arrested Development
11443,Autonomous Republic of Crimea
10763,Burn Gorman
218,Chris Waddle
5026,Mad Men
11241,Anne of the Thousand Days
4375,Towson University
12880,All That Jazz
10471,127 Hours
12377,Russians
9297,Pete Wentz
13302,chief financial officer
7838,psychedelic folk
6754,Butch Hartman
3573,Hugo Award for Best Short Story
1721,absurdism
14406,Hoboken
13220,Delta Air Lines
7454,Anthony Wong
3249,Origin Systems
2215,Frances McDormand
5068,Law & Order: Criminal Intent
5875,Elizabeth: The Golden Age
11955,Solihull
14386,African Americans
2445,Matt LeBlanc
5196,fiddle
3876,Mills College
2032,Norman Blake
10029,Washington Redskins
11840,Nobel Prize in Physics
4839,The Warlords
10756,Harry Turtledove
5348,Abyssinia
10574,Saw 3D
9633,Scary Movie 4
11037,Jack London
10300,Tony Blair
5612,Red Dragon
3848,Walk Hard: The Dewey Cox Story
13281,Scorpions
9146,Edmonton
5127,Dave Thomas
12657,Calvados
6247,Edward Woodward
877,University of Copenhagen
7258,Tisch School of the Arts
6123,David X. Cohen
216,Alameda
7121,Hollyoaks
11467,The Transformers
6545,India
7137,The Notebook
2272,cool jazz
6525,Ariola
6599,Everything but the Girl
10751,Brownsville
9053,Real Madrid FC
9054,Roosevelt University
716,Peru
4077,Ryan Seacrest
1459,In the Mood for Love
11558,Salem
4795,Chuck
8269,New York Jets
3202,Luis Miguel
8093,Manny Coto
11591,Laurence Mark
10543,Trinidad and Tobago
2130,Stanley Kramer
10477,The Guard
11582,deathgrind
4290,Damian Lewis
13918,University of Nottingham
4953,visual effects supervisor
9003,Shawn Pyfrom
3844,Studio City
3016,Don Henley
10532,Shane Smeltz
6694,Dnipro
10204,U.S. Sassuolo Calcio
11945,New Orleans
14508,Graham Greene
6301,John Cho
3824,Dean Semler
11661,Alan Burnett
6138,Holy Roman Empire
7755,Ternana Unicusano Calcio
3689,drum
6170,Jonathan Glickman
3520,Washington metropolitan area
7623,Marc Cherry
6787,Honduras national football team
11180,The Walking Dead
5846,Isaac Stern
1374,Piper Laurie
13879,York County
1140,F.K. Red Star Belgrade
1006,g-funk
12700,Perfume: The Story of a Murderer
8363,Oregon
2373,Tomokazu Seki
12673,Alabama
9846,"University of California, Santa Cruz"
13070,Washington Capitals
1320,Diane Keaton
11309,Dean Tavoularis
3846,Encino
12065,Haifa
223,Danbury
7408,Tuesday Weld
3984,Christine Baranski
9277,Salma Hayek
11250,Jean-Michel Jarre
10295,Lewes F.C.
7223,Vivendi
7937,Royal Victorian Chain
1629,19th United States Congress
2864,George Duke
12228,Santo Domingo
8305,Avatar: The Last Airbender
5893,Maggie Grace
8762,Hogan Sheffer
5309,Alice
9822,Uppsala
4298,cavalier
6277,Hindu
246,Ealing
11024,Elia Kazan
5724,Steve Guttenberg
7958,mining
9604,T. S. Eliot
10042,The NeverEnding Story
4429,Devo
12800,Western
12288,Montgomery County
14539,Chester
8974,Mission: Impossible III
6980,Harvard Divinity School
668,Master P
2843,The Greatest Story Ever Told
7284,Revisionist Western
3918,Monster
13836,songwriter
3028,Lena Olin
1978,chess.
8124,general counsel
9785,Michael Stuhlbarg
1123,Walsall F.C.
3616,Roy Kinnear
6548,folktronica
3583,freak folk
210,Allman Brothers Band
7575,Adelaide United Football Club
12051,Edward G. Boyle
8988,Roxy Music
12591,John Grisham
5132,David Arquette
6508,Julius J. Epstein
12114,obesity
5634,"Birkbeck, University of London"
13039,Atlanta Hawks
1103,Giorgio Moroder
7555,Craig Ferguson
5251,The-Dream
2152,Levante UD
8589,Chocolat
50,Minority Report
6502,Hunter College
6448,UNK_20
2674,East Java
828,Edward G. Robinson
13271,Michael Douglas
13492,auto racing
1753,Jada Pinkett Smith
1502,Second French Empire
6114,grindcore
6524,Touch and Go Records
5637,Guatemala City
12123,Bergen
1657,Today
4420,University of Mumbai
7214,John Abraham
7792,Tucker: The Man and His Dream
2392,running back
11058,79th Academy Awards
13952,Rocky Mount
3488,"Grammy Award for Best Song Written for a Motion Picture, Television or Other Visual Media"
9402,Spike Milligan
12252,Donnie Darko
11754,The Hangover Part II
10197,Crazy Heart
5172,Hancock
6157,Haiti
9674,Eat Pray Love
2822,Ricky Martin
939,mezzo-soprano
14126,The Verdict
889,Christopher Nolan
14055,Vanessa Williams
13890,voice actor
7579,Al Jourgensen
3447,Hal David
5627,Moscow Conservatory
7561,Sufjan Stevens
11007,Levadiakos F.C.
11783,University College London
14162,Fullerton
1593,pharyngitis
6843,Janel Moloney
1352,Fiorello H. LaGuardia High School
8712,Prime Minister of Canada
5016,Into the Wild
5441,Cagney & Lacey
8431,Raja Casablanca
8475,Imagine That
1640,Alice Doesn't Live Here Anymore
4899,Tanikella Bharani
4512,The Ghost and the Darkness
4408,Honolulu
8444,En Avant de Guingamp
7691,Manitoba
706,Heather Graham
8573,folk punk
4625,Edinburgh
13723,Tillamook County
7090,Meena
3,Beaumont
6809,Amanda Seyfried
1669,Washington State University
10092,Adam Horowitz
8886,Up in the Air
1128,United Malays National Organisation
11923,Andy Heyward
2842,Roger Bart
56,Quiz Show
13672,Charlottesville
11811,Richard Rodgers
4628,Vickers-Armstrongs
13967,free jazz
13388,San Mateo County
3955,West Dorset
142,Gabriel Yared
6635,FC Dinamo Moscow
6940,Anthony Anderson
8905,Mitchell Hurwitz
9360,Syracuse
6744,Katy Perry
7981,Golden Globe Award for Best Foreign Language Film
4501,Hamilton College
13947,Jethro Tull
10954,bass drum
2929,John Milius
11450,Richard Price
5342,University of Memphis
11084,58th Berlin International Film Festival
10702,Alan Rickman
12275,Savannah Guthrie
14289,Concord
6975,Rounder Records
11875,2005 Major League Baseball season
11717,Islamabad
10333,beef
4589,Erwin Rommel
12486,Rock of Ages
3007,Splash
6308,Raith Rovers F.C.
4904,goaltender
9422,UD Las Palmas
1379,Seven
4905,2008 NFL Draft
10009,white
11989,Kalamazoo
2623,Maria Bello
9271,St. Louis
10894,Primetime Emmy Award for Outstanding Supporting Actor in a Miniseries or a Movie
995,Marlee Matlin
1780,Bruce Almighty
8562,Crash
5874,Judaism
3386,Ioan Gruffudd
5278,J. Michael Riva
13622,Teton County
7295,Kelsey Grammer
4830,The Brothers Bloom
6629,Iain Banks
5525,Jessye Norman
10722,Williamsport
97,The Larry Sanders Show
3452,lyricist
11360,Ukrainian
13552,Jack Warner
13601,Yvelines
4381,Carlos Alazraqui
12821,Lockheed Martin
851,Def Leppard
2801,Blackburn
11544,Gary David Goldberg
6878,John Cleese
2429,Rick Berman
5526,Anthony Quayle
5953,Adventureland
9891,Joseph Ruttenberg
11285,Prince George's County
847,Blondie
8316,Nicholas II of Russia
3239,Cary Elwes
352,Liaoning
4714,Donald Fagen
9789,Steven Zaillian
13824,85th Academy Awards
5853,New Zealand national football team
43,Joe Shuster
12477,We Have a Pope
437,Mark Hamill
9999,Winston Churchill
10117,20th century
3746,Brian Geraghty
6729,FilmFlex
14047,The Towering Inferno
2176,Royal College of Art
7836,Burt Young
380,announcer
3314,Memorial University of Newfoundland
4888,Genie Award for Best Achievement in Cinematography
3665,Juan Mata
8934,rapcore
5007,second baseman
8767,MTV Movie Award for Best Breakthrough Performance
14283,Dead Man
12006,Hapoel Be'er Sheva F.C.
1778,Jennifer Garner
707,Caper story
8174,Nicaragua
1335,Stoke City F.C.
8448,Oscar and Lucinda
14033,Kenneth Branagh
7873,Maine
3818,Dominican Republic
9988,Mike Mogis
6701,Lille O.S.C.
1185,Bordeaux
5690,small forward
11944,I Now Pronounce You Chuck and Larry
12071,Girl with a Pearl Earring
13165,Clare College
13969,Lorne Michaels
4051,Barnet Football Club
2733,Bing Crosby
7714,Philips Records
2190,Pro Football Hall of Fame
5641,Dennis Franz
5121,Bollingen Prize
14260,Sean Astin
4671,English Civil War
14536,canton of Aargau
7215,A.C. Cesena
10312,Columbia Business School
6828,I Heart Huckabees
4561,Alaska Time Zone
357,Dischord Records
11280,The Maltese Falcon
9652,Kulbhushan Kharbanda
6037,Mexico national football team
7742,The Longest Day
4368,Bachelor of Science
13608,The Offspring
8902,groove metal
10720,Asian Development Bank
11121,Mamelodi Sundowns F.C.
10545,European Film Award for Best Composer
11098,Tom Hanks
10992,21 Jump Street
13072,Columbus Blue Jackets
11526,Hillary Clinton
11701,Charles LeMaire
7094,Jeff Lynne
14205,Fort Myers
2767,Troy
1649,Macclesfield Town F.C.
1648,Mike Patton
2872,Iggy Pop
12081,Naples
12570,Academy Award for Best Makeup and Hairstyling
3472,impresario
4629,Goethe University Frankfurt
11990,Rensselaer County
1528,"They Shoot Horses, Don't They?"
9283,Sydney Olympic FC
11393,Sean McNamara
12165,Tom Petty
1815,Temple University
8336,post-grunge
2504,Battle Royale
9020,Norwich University
575,Gladys Knight
1263,Wikimedia Foundation
7447,Liechtenstein
7405,Nancy Williams Watt
13508,Jim O'Rourke
3755,John Ortiz
1455,Robert Zemeckis
8329,Suresh Gopi
8183,Dan Hedaya
1042,Kenyon College
9234,Wendee Lee
9498,Siouxsie and the Banshees
1265,Fred Ebb
9322,skateboarding
14284,Sean Penn
9334,Shinto
14413,Long Branch
471,Rock Hudson
10145,Joe Berlinger
6164,Star Plus
1152,University of Melbourne
4346,Calvin College
10961,Hans J. Salter
9599,Daniel Wu
10168,B. J. Novak
3509,magnesium
3204,Johnny Knoxville
7180,Jaya Bhaduri Bachchan
4745,Davidson College
5301,Gabrielle Union
6421,Shrek the Third
2495,Bill Paxton
11494,Carnegie Mellon University
2359,Jennifer Jason Leigh
12460,The Ides of March
1755,Don't Say a Word
8335,The Purple Rose of Cairo
6902,The Proposal
8268,New Orleans Saints
14,McLean
6505,Treviso
9843,Park Chu-young
12560,Academy Award for Best Picture
10483,The King's Speech
12601,South Island
6061,Barbra Streisand
2953,J. M. Coetzee
3832,Santa Clara University
13730,Douglas County
7187,FC Lokomotiv Moscow
2101,Anu Malik
9222,Sophie Thompson
4240,MTV Video Music Award for Best Choreography
4259,Mohanlal
6046,Gary Busey
11949,Doha
10189,The Scarlet Letter
8090,Frank Vincent
8903,Animal Collective
9670,Zookeeper
3391,The Hunchback of Notre Dame
14315,Cumberland
59,Il Postino: The Postman
11147,NPR
4696,Club de Fútbol Monterrey
4565,Gary Sinise
2983,San Francisco Art Institute
4054,Chester City F.C.
6533,Stan Winston
6906,experimental film
9457,Unstoppable
1271,designer
6903,road movie
4327,Damascus
4789,TCU Horned Frogs football
9706,Jane Lynch
11549,dressage
13378,Napa County
5739,Olivia d'Abo
6410,Deion Sanders
5450,Lisa Gay Hamilton
10129,Tony Award for Best Actor in a Musical
9197,ska
10698,Dixieland
266,Tulsa
942,Oakville
14423,Atari
12564,Fukuoka
9695,Miguel Sandoval
2167,George Washington University
13950,The Sand Pebbles
7479,Ludwig van Beethoven
453,Columbia Records
2578,chemical engineering
573,Manchester City F.C.
11390,Madan Puri
5189,Mr. Nobody
8884,Aaron Staton
11774,Amtrak
1482,The Red Violin
3356,Russell T Davies
12607,post-bop
2673,Barton Fink
7567,Stade Malherbe Caen
14155,Torrance
311,Juris Doctor
1658,Walter Benjamin
12793,Accrington Stanley F.C.
10161,Klaas-Jan Huntelaar
2597,Enix
7913,Emile Kuri
1111,Die Hard with a Vengeance
13868,Kent County
10088,A.C. Monza Brianza 1912
1915,Augusta
194,Duran Duran
1768,Filipino language
1219,"Sammy Davis, Jr."
11054,Toni Morrison
13902,Lake County
11331,Wallachia
10273,The Santa Clause 3: The Escape Clause
9169,screwball comedy film
8313,Harvey Weinstein
10553,2006 Grammy Awards
9287,Esbjerg fB
1390,Charles Bronson
14054,Dell Inc.
8402,Oakland Athletics
9739,The Pink Panther
5434,female organism
3209,Copley Medal
2357,Suzhou
12187,Cajun
12662,The Ring
11116,John Oliver
4018,Rufus Wainwright
1145,Genentech
796,Boeing
8984,rheumatoid arthritis
6325,Desperate Housewives
9407,65th Academy Awards
13739,alternate history
991,William Baldwin
4867,L.A. Law
1557,black-and-white
7857,Macquarie University
10491,FC Metalist Kharkiv
13685,Dallas County
2052,Edward Shearmur
7243,Moncton
12685,Aristotle
7897,RWDM Brussels FC
557,La Jolla
7654,Ruby Dee
10655,Critics' Choice Movie Award for Best Animated Feature
14138,Pine Bluff
9522,Dorchester Town F.C.
341,Quo Vadis
7488,Lake Michigan
13897,Scott County
7435,PepsiCo
6110,Willem II
740,Leelee Sobieski
3753,London Film Critics Circle Award for Actress of the Year
8133,Rick Simpson
4293,Martin Freeman
7752,Mumbai
3830,Danny Smith
2909,Ateneo de Manila University
239,New Zealand Labour Party
900,Starbucks
9331,Lonesome Dove
279,Amarillo
1566,DreamWorks
2144,Friuli–Venezia Giulia
750,Ralph Fiennes
3167,Olympia Dukakis
3308,Polish American
6850,John Steinbeck
705,Chengdu
8113,National Football League
855,Royal College of Music
1585,Any Given Sunday
4037,Cheltenham Town F.C.
9996,Kharkiv
1773,Suicidal Tendencies
7784,Megan McTavish
8909,Reed College
1036,Birmingham City F.C.
10305,Rick Kline
11570,Rouen
3907,property developer
6577,Immanuel Kant
10561,funk rock
10389,chicken
5469,Heriot-Watt University
8900,Robert A. Heinlein
2944,Dany Heatley
1206,Chemnitz
963,1908 Summer Olympics
443,Cebu
475,ADO Den Haag
9605,Tommy Lee
10673,Pirates of the Caribbean: On Stranger Tides
1473,Bad Boy Records
12656,Parma Calcio 1913
6677,96th United States Congress
5737,Tim Matheson
14435,vocal music
8853,Piedmont
3254,Indiana State University
7098,national university
11093,Axis
2116,Washington and Lee University
12405,The Iron Lady
4578,Dan Grimaldi
7570,FC Istres
13448,anemia
13069,Tampa Bay Lightning
5774,golf
1269,conducting
14258,Evansville
6927,Sam Wood
2948,New Zealand National Party
5831,Saturday Night Live
9212,San Marino
6831,Jorge Luis Borges
8281,Sreenivasan
8887,Benjamin Franklin Medal
6553,98th United States Congress
189,James Taylor
14366,Tupelo
11798,Avi Lerner
9880,Bones
2969,Orlando Pirates
2122,California
13710,Lackawanna County
10392,Strasbourg
5777,Johnny Mandel
10384,freestyle skiing
14469,Lincoln College
5818,Aya Hisakawa
3345,Brian Helgeland
4702,Blu-ray Disc
1414,Teri Hatcher
13241,2004 Summer Olympics
7724,Mighty Aphrodite
6397,Gillian Welch
4607,shock rock
6836,Gary Sheffield
8614,Jackie Shroff
11379,Airplane!
14063,stand-up comedy
3426,Karl Urban
4112,103rd United States Congress
11046,Lehigh University
10461,Stardust
2783,Joseon
5572,Paul Rudd
7048,Google
4810,Jorja Fox
7473,Leon Trotsky
4400,TV Tokyo
14363,Natchez
885,Sheffield Wednesday F.C.
4096,Saint Joseph's University
4964,Jon Avnet
9024,Greg Daniels
14456,Magdalen College
7984,Golden Globe Cecil B. DeMille Award
2720,Bill Wyman
6467,Shueisha
5357,Jonathan Lethem
677,Judas Priest
3128,Creation Records
1063,Japanese people
10268,Stuttgarter Kickers
2444,Bachelor of Laws
4419,Korean
7399,This TV
2448,private school
11344,Liam O'Brien
12101,Oswego County
10907,Sri Lankan Tamil people
6417,Grammy Award for Best Jazz Vocal Album
8721,The Bourne Ultimatum
10253,Eric Dane
6111,Real Betis Balompié
2711,Syd Barrett
8972,The 40-Year-Old Virgin
1073,S.C. Internacional
10797,African Development Bank
2277,Kelly Preston
10778,World Trade Center
6961,James Madison University
2706,Chicago
3370,Roadrunner Records
8264,Nijmegen
14331,Northampton
1183,American Idol
3276,Notes on a Scandal
10754,Russian Orthodox Church
13881,Penobscot County
9509,Marmaduke
4396,Mammootty
13308,Yokohama
7419,Singapore national football team
12001,Nathan H. Juran
7545,Los Angeles International Airport
12942,2012 Toronto International Film Festival
9495,Saddam Hussein
10437,chairperson
11095,Sacramento County
1052,Assam
8438,Oceania
12076,Linz
8793,Universal Republic Records
13996,Ipswich
12437,Kevin Smith
7271,Keith Moon
12057,English literature
7387,Hong Kong national football team
1618,7th United States Congress
2402,Real Valladolid
1133,Chicago
14174,Escondido
2384,classic rock
1392,Royal Military Academy Sandhurst
5282,Independent Spirit Award for Best Male Lead
2379,Sympathy for the Record Industry
4735,Arthur J. Nascarella
13443,Hubei
5558,Dimension Films
1279,Buffalo Bills
6877,Nonesuch Records
10964,Jane Eyre
11853,Dutch Republic
1225,Quebec Liberal Party
6331,The Cable Guy
2705,Pink
6917,Keenan Wynn
5054,Cannonball Run II
9145,Saint Petersburg
143,self-help
9152,Pat Garrett and Billy the Kid
3775,Tony Award for Best Costume Design
14003,Ravi Shankar
6933,Al-Hilal FC
10003,wuxia
5063,WCW Monday Nitro
14340,airline
8651,Hoda Kotb
4295,Juliette Lewis
8197,David Krumholtz
14477,St John's College
1101,rhythmic gymnastics
12604,Mr. Smith Goes to Washington
14144,Walnut Creek
13975,Brian Doyle-Murray
3838,2008 Tour de France
5807,Transylvania University
5430,Thomas Brodie-Sangster y niza R
4594,Tony Award for Best Actress in a Musical
1849,Robert Silverberg
9672,theremin
1891,Blackpool F.C.
13630,Outagamie County
2102,Russian Soviet Federative Socialist Republic
7303,Roger Berlind
11275,David Foster Wallace
12431,Bruce Springsteen
412,Jacqueline Bisset
5289,Ghostbusters II
6534,filmmaking
13228,Rainer Werner Fassbinder
7858,Lalo Schifrin
9523,John Frink
326,sportsperson
8095,Over the Top
12630,63rd Primetime Emmy Awards
6725,Al Jean
9179,Shirley Knight
8854,Daniel Roebuck
14433,synthpop
5653,Rory Cochrane
11761,Minsk
9920,Vatican City
5865,Veronica Mars
3822,WALL·E
951,Hollywood Forever Cemetery
12420,Love Affair
14250,Rockford
10423,New York Film Critics Circle Award for Best Actress
8962,rowing
5872,Brooklyn Law School
11745,Taylor Swift
11532,Maccabi Netanya F.C.
8324,G.D. Estoril Praia
823,Law & Order
1796,"University of Nevada, Las Vegas"
3054,Bridget Fonda
1803,Berkeley
186,Marvin Gaye
212,Bee Gees
8660,Python
4305,Saturn Award for Best Costume
1189,Hammersmith
5328,Frank Herbert
12031,Primetime Emmy Award for Outstanding Drama Series
455,Gillingham F.C.
12012,Andrew Lloyd Webber
11483,Hudson River
13452,adolescence
786,electric blues
11894,magician
13289,Calaveras County
5002,Portugal national football team
6970,John Wayne
13848,St. Louis County
8128,Asit Sen
10371,Broadcast Film Critics Association Award for Best Supporting Actor
12113,Arnhem
11830,65th Tony Awards
9969,Hilary Haag
3047,Chad Smith
5297,Montana State University - Bozeman
7909,1. FSV Mainz 05
11959,Om Shanti Om
4768,2005 Major League Baseball draft
6449,comedy of manners
14031,Hamlet
11687,Submarine
12399,North Vietnam
1729,AIK Fotboll
4052,Dunfermline Athletic F.C.
5214,Los Angeles Film Critics Association Award for Best Director
4872,Ed Weinberger
4746,Bandai Namco Entertainment
13668,Fairfax County
9775,Ray Charles
1868,Roger Daltrey
8392,opera
11897,Robin Williams
3192,Love Actually
13533,Stand by Me
8559,Jonah Hex
3435,Justice League
5744,James Arness
1493,Terence Stamp
3459,Grammy Award for Best Instrumental Soloist(s) Performance (with orchestra)
12300,Superbad
6886,United Artists Records
5858,Lou Grant
512,bird
11732,Albuquerque
1547,bipolar disorder
519,Ricky Gervais
9240,Lucien Ballard
9642,Theodore Roosevelt
10100,yellow
7194,Associazione Sportiva Livorno Calcio
13957,Michael Chabon
47,Nancy
11715,Henry Bumstead
11936,Cochin Haneefa
9906,55th Primetime Emmy Awards
9484,Rashida Jones
2885,Nick Cave
1253,Malcolm McDowell
7876,The Last of the Mohicans
13567,Christian rock
8247,New Jersey
11239,Lyon Sprague de Camp
202,Tyrol
6377,Servette FC
4224,relief pitcher
14384,John Rawls
11310,Halifax
10541,Tony Award for Best Featured Actor in a Musical
7825,The Book of Eli
981,basketball
12397,Stephen Dillane
14360,aerospace engineering
410,Harvard Law School
12484,All My Children
8540,Chris Wood
6381,Management
3224,Burnley F.C.
13107,M. Night Shyamalan
8362,Orson Welles
10970,2010 Toronto International Film Festival
11045,Avatar
9536,tambourine
3378,Happy Gilmore
3768,Octavia Spencer
13644,Guy Ritchie
12142,Charlottetown
604,hepatitis B
406,George Clooney
12301,psychic
6849,Jack Lemmon
1897,New England Revolution
9446,strongman
6275,adventure film
10888,Primetime Emmy Award for Outstanding Lead Actor in a Drama Series
12503,Charleston
2834,David Sylvian
8575,Beitar Jerusalem F.C.
1817,Chrysalis Records
13778,Gaston County
13974,Coming Home
3175,Carmarthen
12751,Bryan Burk
2427,internship
1996,Tony Award for Best Revival of a Play
10757,Tim Bevan
14056,Julia Louis-Dreyfus
10547,A Beautiful Mind
6023,Suresh Oberoi
11550,eventing
2757,Dr. Dre
5998,Resident Evil: Apocalypse
11427,Oliver!
12376,Mark Tinker
68,Elizabeth
5960,Catwoman
5381,Randy Jackson
13977,Midnight Express
494,Gautama Buddha
3395,University of New Mexico
9793,Tartu
1559,Bryn Mawr College
6177,Steve-O
10244,Ellen Chenoweth
10282,Leighton Meester
5387,Ellen Barkin
567,Lenny Kravitz
6435,Sam O'Steen
9521,Venice
14070,Anniston
3304,Cheshire
1394,Bouzouki
4446,American Zoetrope
6343,FC Dynamo Kyiv
13094,Sullivan's Travels
3373,County Durham
3199,Prussia
11068,United States Secretary of the Treasury
732,"Robert Downey, Jr."
4299,Saturn Award for Best Actor
9362,Swahili
5512,Eastman School of Music
11456,political cinema
6213,Havok
1408,portrait
10332,ANTI-
7788,March
4282,Imperial Japanese Army
12862,Richard Strauss
1359,Dick Powell
5102,Shattered Glass
4188,Philadelphia
13143,Manhattan
3983,Legends of the Fall
8482,The Runaways
12075,Michael Clayton
4030,Grimsby Town F.C.
7200,Kevin Nealon
10116,Rocky Balboa
3110,Debra Messing
12283,Alec Berg
4371,dentist
1343,Black Sabbath
5954,Toby Emmerich
6058,Colin Firth
4237,MTV Video Music Award for Best Group Video
8461,Nurse Jackie
7182,Kevin Bacon
4893,St Trinian's
10926,Bob Marley
4152,Blue Ridge Mountains
3528,Religious Society of Friends
5820,Grateful Dead
13817,Nye County
10201,Michael Piller
7360,Primetime Emmy Award for Outstanding Made for Television Movie
13855,Stearns County
1517,The Golden Girls
7929,Miranda Richardson
6591,Grammy Award for Best Rap Solo Performance
7108,Jagdish Raj
857,amyotrophic lateral sclerosis
5622,University of the Pacific
835,Epsom
5255,Danny McBride
13036,Orlando Magic
151,military officer
5958,Andrew Schneider
4861,Mark Gordon
3411,Chris Martin
22,Richard Harris
8807,Columbia College Chicago
1525,Geena Davis
2689,Steve Winwood
3789,Steve Tisch
12254,Frankfort
4937,Joel Madden
7396,Maria Jacquemetton
13873,Hannah Arendt
10810,Temple Grandin
7478,Led Zeppelin
1800,Wake Forest University
10111,Mark Ronson
4034,Boston United F.C.
11034,Concordia University
9526,Olivia Williams
14121,Coal Miner's Daughter
10501,clothing
6319,House of Commons
4609,East Timor
14091,Arcadia
12773,poverty
13120,Oxfordshire
6263,Pinto Colvig
14261,The Andy Griffith Show
537,Carnatic music
13722,Yamhill County
8877,Vic Mignogna
13845,Boulder
12887,'N Sync
5921,Edmond O'Brien
14140,Fayetteville
2199,Nuclear Blast
6562,Indian Ocean
7681,Nintendo Entertainment Analysis & Development
11679,Bleach: Memories of Nobody
3816,Almost Famous
8893,Russi Taylor
2952,SkyTeam
11361,Michael Shannon
2146,Harrogate
8216,Seth Meyers
13496,Nike
9553,television
6353,W.
7119,Lyngby Boldklub
3255,Richard Donner
4139,Shabana Azmi
5368,melodic death metal
4660,Wellington College
14480,Wadham College
13843,Stepney
10860,Yes
5962,George Bernard Shaw
3410,Kilmarnock F.C.
214,Bharatiya Janata Party
3979,Kim Ki-duk
743,Ian Holm
9295,Walter Scott
12724,L-Threonine
13353,Bologna F.C. 1909
2139,Capcom
8463,Community
6133,Scottish Church College
11983,Samuel L. Jackson
6739,The Cleveland Show
1632,25th United States Congress
4965,Damages
8345,A.S. Nancy-Lorraine
1558,University of Helsinki
1786,independent school (UK)
5095,Rosario
11112,Stade Brestois 29
3013,North Dakota State University
2303,constitutional monarchy
1380,CinemaScope
1238,Technical University of Berlin
13429,Ernst Lubitsch
11367,Jane Seymour
8522,political philosophy
10695,logic
4032,Stockport County F.C.
12550,Vijayakumar
3738,John Lutz
11490,Lock Up
1907,Ballarat
11491,Sesame Street
5522,William B. Davis
12515,Guys and Dolls
9017,Ray Bradbury
2003,The Mummy
6767,Peter Farrelly
12168,Saw
13275,Arthur C. Clarke
4433,Georgia State University
13284,atheism
3662,Grammy Award for Best Bluegrass Album
11904,Duke University
10495,The Lovely Bones
13572,Chow Yun-fat
1327,Norway national football team
5249,Real Madrid
4639,Chelsea College of Art and Design
11395,Crimean War
3540,University of Warsaw
8606,Trisha Krishnan
8674,portuguese
13599,solicitor
58,Babe
4862,electronic musical instrument
4245,MTV Video Music Award for Best Rap Video
479,Eastern Michigan University
2451,university-preparatory school
35,EMI
9476,John Hawkes
9815,research associate
2120,University of Oregon
13921,Apache Software Foundation
3785,Djibouti
7411,University of Michigan Law School
7424,Andrew Stevens
3362,Eric Roberts
9559,Golden Raspberry Award for Worst Actor
1028,Manila
9068,Frank Skinner
11881,special effects
5244,The Dreamers
3248,Tokyo Yakult Swallows
1982,Al Franken
7721,1941
4196,Frank Pierson
14242,Decatur
7801,Mahatma Gandhi
8032,Ted Haworth
1451,Gary Oldman
4910,Schulich School of Law
12997,Marseille
4843,Melville Shavelson
3719,Devin Townsend
3669,Josh Griffith
12281,sophisti-pop
4502,glycine
11394,County Antrim
201,Lower Austria
12274,Virginia Tech Hokies football
1037,The Star Wars Holiday Special
3444,Grammy Award for Best Chamber Music Performance
9911,The Last Song
3988,Crawley Town F.C.
5452,folklore
3648,Joe Mantegna
504,Ken Russell
10090,Yasser Arafat
9701,Suffolk University Law School
12797,University of Mississippi
11924,AC Bellinzona
3862,North Hollywood
7764,Edward R. Pressman
5766,bass
4773,Pulitzer Prize for Public Service
6271,Hal Holbrook
11345,Omaha
13559,Sheffield
1900,Kobe Bryant
2762,Jay Z
1979,Casino Royale
11802,Leon Shamroy
13127,asteroid
11398,50/50
6083,mechanic
1143,Harold Arlen
13762,Logan County
9059,Mike Epps
3219,Groton School
6680,New York Stories
10446,Delhi
10229,Ulysses' Gaze
10067,Transformers: Dark of the Moon
585,The World Is Not Enough
6650,Mrs. Parker and the Vicious Circle
6554,North
11698,Nassar
11984,Hrithik Roshan
13642,Pierce County
13661,Loudoun County
2804,Century Media Records
554,Lilo & Stitch
100,Lake District
10956,Stranger than Fiction
914,Klaus Voormann
13728,Klamath County
9103,Scandinavia
7406,Wilma Galvante
2737,M.I.A.
13650,Grays Harbor County
14432,Deathrock
5654,neo-progressive rock
7397,trade union
13147,Voice over Internet Protocol
6036,Transformers
5956,Happy-Go-Lucky
8279,Nazi Party
8550,physicist
9270,steampunk
11966,vitamin B12
2430,Blackburn Rovers F.C.
10202,Luci Christian
121,Dashiell Hammett
9514,The A-Team
12024,Marillion
1946,Bela Lugosi
12827,Pierre Boulez
5259,French Polynesia
6488,Banaras Hindu University
5861,Japanese
5271,Academy Award for Best Original Musical Score
7636,Jeff Garlin
4199,David Beckham
4157,Dmitri Shostakovich
6691,Grammy Lifetime Achievement Award
4731,Club Universidad Nacional
7075,Jack Kirby
403,Anthony Head
4467,Rip Torn
3401,Grammy Award for Best Choral Performance
14378,Supreme Court of Canada
10648,2006 NBA Draft
2271,PEN/Faulkner Award for Fiction
89,Barcelona Province
11259,Murder on the Orient Express
4551,Gretchen Mol
4438,Earth
3887,columnist
2370,Canton of Bern
1433,Christian metal
13282,Serge Gainsbourg
1508,Battle Creek
8587,Paraguay
4935,Peter Coyote
11145,Harrison Ford
1596,John Cusack
12125,Saratoga County
11921,Majel Barrett
595,Hunan
13840,Long Beach
8288,National Film Registry
1924,Tommy Lee Jones
5559,Swiss national football team
6511,Jefferson Starship
14377,Progressive Conservative Party of Canada
7767,Monaco
6423,heterosexuality
5186,First National
1807,Jerome Kern
4895,Japan Academy Prize for Outstanding Foreign Language Film
13566,Jean-Claude Van Damme
13971,Mike Myers
517,NYPD Blue
7916,Howard Bristol
985,1904 Summer Olympics
3418,"United States presidential election, 2008"
6419,hammered dulcimer
2358,Sophia Loren
12776,Top Chef
11611,Bryan Batt
892,Labyrinth
6088,FC Vaduz
6076,William Blake
9709,Chris Menges
10834,1985 NCAA Men's Division I Basketball Tournament
13546,traditional pop music
10669,Eric Roth
5370,72nd Academy Awards
853,John Malkovich
4415,Curtis Institute of Music
3138,Ipswich Town F.C.
11595,Metropolis
4796,Daytime Emmy Award for Outstanding Lead Actor in a Drama Series
510,Janeane Garofalo
1490,Wexford
4653,Stockard Channing
10618,Johnny Green
6245,Haskell
10478,Entertainment One
6536,Filmfare Award for Best Actress
14108,Hollywood Walk of Fame
1314,Kazan
5860,Morocco national football team
8473,Walter F. Parkes
10122,Panic! at the Disco
5173,epilepsy
4335,Grammy Award for Best Album Notes
1886,Joan Blondell
4072,teen film
140,Michel Legrand
8685,The Invention of Lying
7551,Graham Yost
9993,William Somerset Maugham
9971,Wim Wenders
9939,TV5 (Philippines)
8861,country pop
13596,University of Calgary
7351,Ram Gopal Varma
2703,Bob Dylan
2233,Bard College
11316,Augusta
8001,Scott McNeil
3278,Seth MacFarlane
8548,creative director
7376,lawyer
2828,Calendar Girls
365,Julie Delpy
2058,Ryanair
8994,Utpal Dutt
2064,computer hardware
11685,"Crazy, Stupid, Love."
4172,drawing
14207,Ocala
13273,Pixar
5722,Mission: Impossible
9779,Master of Business Administration
8831,Swizz Beatz
8649,dance-punk
5600,Armenia national football team
5792,Cliffhanger
7629,Arnon Milchan
4233,50 First Dates
7731,Sin City
12473,dance music
6651,Film and Television Institute of India
13206,Academy Award for Best Film Editing
11334,Hugo
558,California Institute of the Arts
5842,World Fantasy Award for Best Novella
13651,Grant County
7582,Rutina Wesley
492,Bible
10126,Amy Nuttall
9143,Shia Islam
4475,Alan Silvestri
4297,David Arnold
9451,Edwin B. Willis
1470,Bill Withers
14346,detective
1122,Tony Kushner
13398,Ventura County
10294,Transamerica
7608,The Others
4476,James Newton Howard
3467,Tennessee Volunteers football
1716,"South Park: Bigger, Longer & Uncut"
4688,John Amos
3021,Wheaton College
185,Michelle Yeoh
1447,Barcelona
4912,Henry Blanke
11488,Pyongyang
10614,DeWitt Clinton High School
9612,The Terminator
6195,On Golden Pond
12105,premier
2044,Kingdom of Naples
2616,Brescia
3113,miniseries
12241,Springfield
11136,1995 NCAA Men's Division I Basketball Tournament
12803,hypothyroidism
7694,Muhammad
9082,Ben Foster
13876,London Borough of Tower Hamlets
9005,Richard Kind
1012,bagpipes
4252,Ally Sheedy
6255,Heathrow Airport
173,VJ
3914,Anupam Kher
14210,Miami Beach
4287,Grammy Award for Best Historical Album
8778,2005 NBA Draft
3352,Chelsea F.C.
12457,Gossip Girl
7676,Maryland
4941,Chrysler
9427,Saint John
8300,Silver Pictures
7065,Ashley Palacios
7576,Chiapas Fútbol Club
3457,magnet school
4774,Talk to Me
392,Gene Wolfe
6914,Ulsan Hyundai FC
8554,Marshall Herskovitz
7466,Tommy
13483,64th Primetime Creative Arts Emmy Awards
13954,National Gallery
7900,electronic drum
2788,Jonathan Rhys Meyers
14492,The Last Emperor
9704,The Band
5646,The Mask of Zorro
8315,Brokeback Mountain
3443,Pakistan Peoples Party
923,Burt Bacharach
12890,Hove
11405,Kingdom of France
3272,Edward Herrmann
5590,Horrorcore
862,Nine Network
12781,astronomer
4831,Chris Newman
3216,Paul Mazursky
3379,Grammy Award for Best Rap Performance by a Duo or Group
14487,A.S. Roma
9556,The Simpsons
2181,pound sterling
12242,Indianapolis
7400,Rachel Getting Married
328,Pete Townshend
11020,The Bridge on the River Kwai
461,Robert Duvall
3544,RCD Espanyol
4641,Teri Garr
9926,UNK_17
13234,Mario Puzo
5786,When We Were Kings
902,Organisation for Economic Co-operation and Development
13713,Delaware County
8038,Ray Moyer
3453,Tia Carrere
9531,Skopje
13321,Kern County
3587,Michael Conforti
14156,West Hollywood
2216,Kim Cattrall
3367,Pocahontas
3437,Mark Goodson
4160,Toowoomba
7684,mandolin
6795,Ithaca College
8630,Poul Anderson
6777,Warner Bros. Animation
8295,Nagasaki
8414,Oklahoma
3312,David Hemmings
1454,Alien: Resurrection
6811,National Women's Hall of Fame
8179,Mike Figgis
3521,YTV
671,Flashdance
3854,UNK_15
977,Russ Meyer
12316,Judy Garland
8097,Coritiba F.C.
12100,Orange County
7077,Club de Gimnasia y Esgrima La Plata
3017,Leipzig University
10382,David Fury
11619,journalist
13411,1992 Summer Olympics
6797,Venezuela national football team
1000,Church of Scotland
14278,Prizzi's Honor
10421,New York Film Critics Circle Award for Best Actor
3274,character actor
5372,The Avengers
4510,action film
6320,Hastings
9031,Amy Robach
5035,John Mahoney
14314,Arizona State University
9742,Tupac Shakur
334,type 2 diabetes mellitus
7718,musical film
2323,Heisman Trophy
126,Ukrainians
9660,Jarhead
4017,center
8120,Andrew Stanton
8520,Pamela Anderson
6403,Evolution
4395,Wilmer Valderrama
5681,Thoroughly Modern Millie
5082,Robert Englund
1489,MTV2
12173,Nicosia
12435,FC Unirea Urziceni
10496,FC Metalurh Zaporizhya
9325,Manobala
1820,Seattle Storm
4806,Along Came a Spider
3076,Colorado Rockies
6580,The Manchurian Candidate
13305,Don Carmody
10878,Sophie's Choice
11780,The Island of Dr. Moreau
3334,Andrew W.K.
12833,Annie Hall
1564,Split
8232,1982 Cannes Film Festival
7017,Adam Levine
8006,Megadeth
10287,Tom Johnson
13106,Monroe County
11817,Chautauqua County
2528,Cleveland
10703,Italian cuisine
6979,AWA All-Star Wrestling
4538,engineering
4783,Jerry Duplessis
8347,CS Sedan Ardennes
1401,New Wave of British Heavy Metal
13113,The Godfather Part II
1522,Swedish Empire
12003,Eddie Murphy
2543,Conservative Party of Canada
6079,Barry Manilow
14526,Bend
7073,St Helens
4258,New Zealand national cricket team
6967,31st United States Congress
8856,Accra Hearts of Oak SC
191,general officer
13374,Mariposa County
1120,Monmouthshire
10644,Farsley Celtic A.F.C.
8134,Golden Raspberry Award for Worst Supporting Actress
8,Laredo
8337,news
12144,Limerick
13871,Berrien County
1460,Tony Leung
4074,Boogie Nights
10046,woodwind instrument
7849,Monty Python and the Holy Grail
8403,Killers
12179,AACTA Award for Best Guest or Supporting Actor in a Television Drama
5039,Andrew Gold
10436,CBS
6673,cardinal
408,Dana Andrews
10089,Novara Calcio
13077,Anaheim Ducks
7124,Bright Star
11834,The Vow
8122,Randy Edelman
8702,Larry Charles
11372,Neighbours
5942,Little Feat
10580,Alex Kurtzman
4200,Punahou School
6428,Twilight
12041,Ontario County
13297,PSV Eindhoven
2545,Sarah Brightman
12695,P. G. Wodehouse
13968,Brookline
10652,Nottingham
3127,Grove Street Cemetery
1160,Pietermaritzburg
5414,"University of California, Berkeley"
7113,placekicker
956,The Animatrix
6616,Meet the Fockers
7252,Sierra Leone national football team
4820,Tin Man
10955,From Here to Eternity
5713,University of Strasbourg
6024,Batman: Gotham Knight
13342,Lucasfilm
10467,Little Fockers
320,Chester
13315,Miracle on 34th Street
6,Tyler
2823,Chicago metropolitan area
9899,UPN
10762,Salzburg
6493,"Grammy Award for Best Remixed Recording, Non-Classical"
10492,tribal chief
14404,West Orange
8538,Cumulus Media Networks
1057,Jeff Garcia
14447,New Rochelle
11893,sword and sorcery
4949,The Imaginarium of Doctor Parnassus
11896,Emilio Estefan
4482,correspondent
2083,An Alan Smithee Film: Burn Hollywood Burn
10099,York
2669,Maccabi Haifa F.C.
14361,Rochester
9850,University of Sydney
8284,Eileen Brennan
10147,Torchwood
13647,industrial music
8109,67th Academy Awards
11736,Thomas Dekker
1192,Joe Pantoliano
9416,Def Jam Recordings
8727,The Weinstein Company
4604,television comedy
9563,The Graduate
3479,Revolution Studios
450,Linda Ronstadt
11623,Shortbus
11573,Hameur Bouazza
2664,Fatboy Slim
13673,Augusta County
5111,Vivica A. Fox
3552,Garin Wolf
2514,Dir en grey
4197,Michael Biehn
9610,Trier
12417,Montmartre Cemetery
7153,Korea
13507,H. H. Asquith
2508,Brian Posehn
13615,Bas-Rhin
2695,Andy Hallett
14166,Palm Desert
1583,Mani Ratnam
12320,Lower Hutt
5943,Jaime Pressly
1099,Harrow School
6974,Jessica Chastain
8327,Governor General's Award for English-language non-fiction
11778,The Ladykillers
5468,Boston Legal
3049,WWE SmackDown
5752,Mario Van Peebles
5825,galaxy
11593,30 Rock
6835,Province of Brescia
3890,Eugene Levy
1411,Dynasty
5276,State of Play
8693,Josh Sussman
6532,The Venture Bros.
2602,Carrie Fisher
14067,Michael Rosenbaum
4166,Indo-Pakistani War of 1971
867,Loretta Lynn
1136,deputy prime minister
10684,Kirk Thornton
12160,Life of Pi
11914,Alan Parsons
11412,Barney's Version
1793,construction
763,Australian Greens
2227,cameo appearance
8172,In the Loop
8175,Eragon
13389,Santa Barbara County
3262,Lagaan
3024,Carolina Panthers
8804,Geraldine Somerville
8480,Fair Game
9477,FC Universitatea Craiova
8701,The Blind Side
10258,radio personality
12938,Whodunit
12244,Ivory Coast
10536,Pas-de-Calais
3666,AC Arles
5069,crust punk
13396,Tulare County
4576,Aida Turturro
8828,Toei Company
10469,Ben 10
5993,Doubt
5337,field hockey
5505,John Broome
6956,Vincent Pastore
907,Joaquin Phoenix
8925,Robert De Niro
9856,politics of the United States
4055,Dagenham & Redbridge F.C.
7001,Mitch Pileggi
2491,University of Texas at El Paso
2943,independent record label
2930,Lil' Kim
736,Chaplin
854,Bertolt Brecht
458,Boyz II Men
10813,Matthew W. Mungle
10690,War in North-West Pakistan
7932,Province of Milan
10558,world
4316,"Grammy Award for Best Engineered Album, Non-Classical"
13222,Ilford
13911,Lake County
7652,Rakesh Roshan
5605,Megan Mullally
8442,Pangasinan
3673,dystopia
6052,Pitbull
7170,Josh Freese
1752,Jon Stewart
1428,Logan International Airport
2256,Croatia
13150,Beverly Hills
7723,Peter Weller
1919,Houko Kuwashima
3919,Days of Heaven
11556,Washington County
869,DePauw University
8436,Vivek
14026,Camel
10439,Cumberland County
12084,Belgrade
5232,Palme d'Or
12794,animation
13502,Rosenborg BK
6859,Motherland
5619,Eric Stoltz
7516,Providence Bruins
11918,University of Idaho
2726,Nico
2765,nu jazz
8780,V for Vendetta
2579,Howard Shore
257,Alexandria
9621,techno
1250,Bob Clampett
2433,Simply Red
6054,Joe Cocker
13560,Roger Corman
4689,Jay Chou
10637,Bellingham
2946,criminology
8224,The Samuel Goldwyn Company
13177,Franklin County
7007,Joseph Cotten
10533,drummer
1971,Charlestown
14184,Redding
3717,Dino De Laurentiis
12497,Viola Davis
5547,Uruguay national football team
10142,David Kreizman
7688,mathematician
13421,The Flaming Lips
4484,The Poseidon Adventure
13449,Albert Camus
1303,A&M Records
1174,Jason Marsden
9016,Charles Dance
11243,The Blues Brothers
2698,Atom Egoyan
3617,Drew Barrymore
9178,Star Trek: First Contact
2175,Tim Conway
9305,Spider-Man
7810,historical period drama
6266,horse
10001,The Holiday
3942,DVD
12069,Washington Huskies football
5939,Club Atletico San Lorenzo de Almagro
4932,Jack Giarraputo
10642,Delmer Daves
11750,Washington County
13665,Fredericksburg
7161,Kevin Spacey
10424,Dorset
19,Tacoma
3763,Mike Portnoy
3233,Howard University
2563,Noah Wyle
12374,captain
8946,racism
14158,San Rafael
6491,Diedrich Bader
6456,MASH
4791,"Merry Christmas, Mr. Lawrence"
440,Belgium
2051,Sean Lennon
5630,noise pop
470,Ernest Borgnine
10274,Kansas Jayhawks men's basketball
1545,Kate Hudson
377,The Bad and the Beautiful
8859,Le Mans U.C. 72
12338,Theofanis Gekas
6029,Shirley Temple
6782,Albania national football team
2984,Cessna
6557,Isaac Asimov
7188,F.C. Nantes
12037,Jefferson County
3035,Karl Malden
2759,Mary J. Blige
8599,Chiwetel Ejiofor
13684,Fort Bend County
13005,Johnny Depp
3902,Tabriz
11574,F.C. Dallas
6808,Nancy Marchand
13754,Tampa
9278,St. Louis Cardinals
591,Bolivia
805,Vojvodina
3656,Grammy Award for Best Female Country Vocal Performance
13211,George Martin
13676,Windsor County
5931,NC State Wolfpack
6937,John Irving
12419,Anchorage
1588,First Indochina War
8405,Joe Morton
14515,Warren
1149,Toni Collette
11600,ballet
14450,Jane's Addiction
8784,Peter Berg
1089,Kenya
1237,Loyola Marymount University
639,Gwen Stefani
11782,Crazy in Alabama
10487,Igor Stravinsky
3050,chief operating officer
1747,Northern Exposure
9872,United States Army
2168,GoldenEye
7628,Loretta Devine
2302,Cornwall
11629,Canadian Alliance
6821,The House Bunny
9201,Saint Kitts and Nevis
9903,57th Primetime Emmy Awards
12313,farmer
2996,Bram Stoker's Dracula
848,Roger Moore
6346,computer scientist
10963,Unknown
7427,Neustadt International Prize for Literature
8956,Russell Crowe
9623,taekwondo
12251,Icon Productions
839,The Lord of the Rings: The Return of the King
8991,Jason Momoa
6610,Grammy Award for Best Traditional Pop Vocal Album
4303,Saturn Award for Best Writing
14343,Australian Capital Territory
10379,Broadcast Film Critics Association Award for Best Song
8668,Mark Robson
1338,Starship Troopers
3006,Cleveland Browns
13286,Los Angeles County
12348,marketing
2500,Joe Walsh
3082,Bradley University
8637,priest
11884,Angers SCO
576,"Earth, Wind & Fire"
2012,Colombia
10074,Click
10793,Waitakere United
7247,Province of Potenza
6707,Beggars Banquet Records
14426,Jamestown
8184,Koch Entertainment
1287,Barnard College
13678,Tarrant County
11604,Amherst
6986,R.C. Lens
146,Close Encounters of the Third Kind
4374,Ruth Prawer Jhabvala
12760,Plainfield
6272,Denison University
9205,Jon Peters
9242,VVV-Venlo
4099,University of Dayton
2461,Stockport
5591,Beverly D'Angelo
9587,Dan Schneider
8799,Standard Chinese
6219,the Holocaust
14110,Lou Costello
9646,The Sixth Sense
747,The Hurricane
715,Haverford College
8933,Riga
7637,My Name Is Khan
1047,Golden Globe Award for Best Director
6578,IBM
5133,Scream 3
4069,Andrea Bocelli
5746,Halifax
11907,Lincolnshire
616,British Virgin Islands
1532,Jane Alexander
10257,Sunsoft
3644,Thiago Silva
3428,Kingdom of England
6279,Herbert Hoover
3011,graphic designer
10550,George J. Folsey
6041,Geelong Football Club
8154,Harvard Graduate School of Design
2447,Billy West
6147,Brad Paisley
8493,planet
4844,Club Brugge K.V.
4529,Eindhoven
2262,Michael Sheen
6627,Richard D. Zanuck
3229,interactive television
477,Brazil
13797,Hudson County
3094,Charlton Athletic F.C.
11663,Dutchess County
7643,Million Dollar Baby
2754,50 Cent
5292,John Buscema
10035,Greg Ayres
3866,Kingdom of Portugal
10250,Bleak House
14359,acting
9372,San Diego
12279,tragedy
10657,Writers Guild of America Awards 2009
5740,Ryan Reynolds
1325,American International Pictures
5944,Ray McKinnon
3543,Vivendi Games
8070,Chris Evans
6693,Irish
7952,mountaineering
6050,Lou Reed
6437,Searching for Debra Winger
5897,Jersey
8270,Normandy
8057,Frank R. McKelvy
12305,30th Academy Awards
2966,Cambodia
6313,American Academy of Arts and Letters
7151,Kim Stanley Robinson
5657,Snatch
11605,Lviv
9482,Sinhalese people
10016,Gone with the Wind
10651,Rogue
6745,Independent Spirit Award for Best Documentary Feature
11471,Howard County
12372,The West Wing
4439,English Channel
5770,Marquette University
1003,power metal
6414,Josh Brolin
8750,Anna Deavere Smith
13654,Virginia Beach
9614,Michael Dobson
11029,Gattaca
7368,Chicken Little
3622,Christopher Whitesell
11826,David Kirschner
5415,technical support
14465,Corpus Christi College
3600,Celta Vigo
7004,John Milton
10097,Frosinone Calcio
3837,Texas Longhorns men's basketball
10314,Magic Johnson
13291,agnosticism
4704,teen pop
11407,Australia national association football team
4181,Conservatoire de Paris
11628,David A. Goodman
4615,Angie Dickinson
3339,State University of New York at Purchase
10080,The Lorax
4742,Saw IV
9905,violin
7304,Sol Polito
1119,Chiang Kai-shek
7204,Empoli F.C.
4950,Rockford IceHogs
497,Chuck Norris
702,20th Century Fox
6132,Rochester Rhinos
3484,Nelson Riddle
488,Alan Bates
3705,Wayne Dyer
12425,Land of the Lost
11242,Chennai
9725,Color of Night
10256,David Watkin
11994,attorney general
9703,tuba
2498,The Birds
7264,Richard Schiff
10866,Mutiny on the Bounty
10186,Silkeborg IF
13633,artificial intelligence
5755,VfB Stuttgart
6270,House of Lords
8087,New Hampshire
1977,road running
8551,Patty Loveless
525,Julia
11392,Heidelberg
2136,1. FC Kaiserslautern
8782,French
12884,America America
2697,New Westminster
6312,FC St. Pauli
7961,Yarrow Shipbuilders
4329,Milton Keynes Dons F.C.
14322,New Bedford
1587,N. T. Rama Rao
626,Venus Williams
7974,Michael Jordan
12231,34th Academy Awards
11957,Tak Fujimoto
941,Niagara Falls
5823,Gilles Deleuze
4134,Ludhiana
3247,ballet
9435,social issue
3042,University of Guelph
6589,Word Records
4084,University of Turin
6915,Incheon United FC
13202,Vertigo
2648,Data East
1293,Adaptation
14437,Troy
9929,video
2474,Salman Khan
7112,Brescia Calcio
13135,Pinellas County
5152,Louis Delluc Prize
13486,Judi Dench
6227,Lewis Carroll
11982,Yoram Globus
4239,MTV Video Music Award for Best Direction
2255,Joe Pesci
2867,MC Hammer
3377,Mila Kunis
2162,Jena Malone
2775,Woking
3960,South Somerset
4085,Jim Brown
12357,The Impossible
12823,dietary fiber
12356,61st Berlin International Film Festival
8244,Intolerable Cruelty
11588,Dan Aykroyd
6443,American Dad!
3089,The Neptunes
3020,University of Illinois at Chicago
8783,Gameloft
5838,guitarist
2910,Marc Anthony
3153,Gallipoli
2974,Barbara Walters
12955,Ulster Unionist Party
12158,Take Shelter
13768,Greene County
5902,Gary
10764,David Crane
7343,Adam McKay
9839,baroque pop
10844,1996 NCAA Men's Division I Basketball Tournament
9923,Scottish Labour Party
1857,Jenna Bush Hager
11683,Downton Abbey
12111,Barry White
5949,Thomas Schlamme
2201,Michael Nesmith
4161,Denver
876,Illinois State University
11217,"University of California, Irvine"
4878,Gerry Conway
8820,deathcore
4933,Frank Herbert's Dune
1289,Mosul
9764,Taito Corporation
8873,Kyle Chandler
2483,Oasis
4924,Sliver
5234,head teacher
2879,John C. McGinley
91,Bethesda Softworks
1358,Batman
1553,Amber Benson
10930,Master of Arts
7837,Milton Friedman
6742,Valparaiso University
11636,Jonathan Forte
13279,William Pitt the Younger
3926,Seabiscuit
2284,Quezon City
2154,Utah State University
473,Maximilian Schell
8940,Robert Rodriguez
11784,Eric Idle
8318,National Party of Australia
10740,Beaufort
12092,Trieste
12237,Nobuo Uematsu
9998,Wehrmacht
8743,Pamela Adlon
1541,Buddy DeSylva
9693,Tarzan
7834,Michael Palin
13101,Alexander the Great
565,Bournemouth
6602,Getafe CF
11917,Moscow
1929,Sonny Rollins
2056,Hanover
4486,Lacey Chabert
8923,Jason Sudeikis
3409,University of Dundee
2968,Kaizer Chiefs F.C.
10135,Big Love
7566,S.C. Bastia
81,Wallace Beery
476,Britney Spears
10563,Frankie Faison
6317,session musician
12689,The Guns of Navarone
3383,Boca Juniors
3884,visual kei
8830,Pembroke College
11382,William Tecumseh Sherman
11928,Keith Andrews
5895,Jorge Garcia
1365,Ahmedabad
6038,Montserrat national football team
4586,The Mission
10794,Howl's Moving Castle
6352,harp
8160,pop rock
1544,Gus Van Sant
6824,Vincent Piazza
1395,Grammy Award for Best Male Country Vocal Performance
4720,House of Plantagenet
432,The Bronx
8577,Maid in Manhattan
722,Peter Finch
6829,John Updike
9586,Togo
4100,Italian
12924,Atlantic Ocean
4928,A Serious Man
9127,socialism
873,Memento
2476,Heart of Midlothian F.C.
13709,Lehigh County
6825,Monarcas Morelia
5300,Brendan Coyle
13054,Utah Jazz
646,Derek Jacobi
2809,djembe
2769,Xzibit
5412,Weber State University
8798,Saul Rubinek
1383,pulmonary embolism
9062,Anorthosis Famagusta FC
762,Kaunas
6185,Tecmo
5685,Freddy vs. Jason
12206,Port of Spain
6202,music of Ireland
9426,Steven Dean Moore
7494,Sparrow Records
3659,Grammy Award for Best Country Collaboration with Vocals
3154,Rani Mukherjee
156,Spider-Man
2894,Nana Mizuki
9293,The Parent Trap
13925,Jefferson County
13638,Whatcom County
10871,Randy Thom
2848,Robert Palmer
2631,anthology
13693,Lexington County
9635,David Shire
7540,Michael Giacchino
4610,Gloria Stuart
11429,How Green Was My Valley
2172,Cape Verde
9857,University of Texas at Austin
9320,Heinz Eric Roemheld
10867,Elizabeth I
4019,Liechtenstein national football team
6471,Hugh Hefner
9560,Thomas Jefferson
13794,Middlesex County
5052,Enrico Fermi
620,Burundi
4761,Jerry Belson
7111,Karl Popper
4023,Pony Canyon
12595,Academy Award for Best Costume Design
2411,Perth Airport
12916,Java
2179,Kikuko Inoue
4790,The Happening
9280,Los Angeles Rams
11320,Nine Lives
13382,Plumas County
10352,Province of Rome
10746,Knoxville
10351,Todd Field
2299,San Diego State University
12925,Rust and Bone
9935,Adolph Deutsch
7656,Roger Deakins
7674,music
2376,Leander Paes
5308,film noir
3637,Bob Yari
2202,Scott Baio
7306,Kathmandu
7758,The Departed
14286,Cedar Rapids
8966,Bolt
6528,Atco Records
1078,shipbuilding
861,Bavaria
13230,Glendale
11909,Palo Alto
11618,string instrument
10286,Capote
7198,Sporting Kansas City
5667,Panjab University
1443,Charmed
9680,The New York Times Company
8850,Paul Auster
12131,Jayma Mays
13877,Edmonton
10842,1994 NCAA Men's Division I Basketball Tournament
1696,Vincent D'Onofrio
10288,58th Academy Awards
5428,Raoul Walsh
8603,Bridget Jones's Diary
5678,Love of Life
5491,The Lost World: Jurassic Park
7206,Louis C.K.
9183,Schleswig-Holstein
5383,The Young Victoria
9637,Hal Pereira
8383,Brenda Strong
9455,Summer Wars
13500,Varna
4248,MTV Video Music Award for Best Dance Video
1981,Charlie Chaplin
10383,ski jumping
13783,Bernalillo County
12436,Chasing Amy
3791,Foreigner
5129,Fahrenheit 9/11
9685,Get Low
5286,Annie
14428,activism
6661,John Wells
9051,Reno
5055,center fielder
3897,Curitiba
11712,Jim Carter
5906,Poland national football team
10134,Feroz Khan
8664,Psycho
13298,Harvard Business School
6366,house music
5280,Green Zone
7903,Maastricht
4365,financial services
9982,Grenoble Foot 38
7709,Moscow
9769,The Fall
13521,Gila County
12579,"Academy Award for Best Writing, Adapted Screenplay"
5231,Dan O'Shannon
11808,The Bridges of Madison County
8479,Away We Go
4849,political thriller
3556,Kumasi
10216,Bobby
10007,Weezer
5924,Master of Science
9545,The Doors
4332,Battlestar Galactica
1031,Pulitzer Prize for General Non-Fiction
1312,Mia Farrow
366,Dwayne Johnson
6812,The Hurt Locker
168,The Moody Blues
297,Baz Luhrmann
7802,Being Julia
4276,Detroit Red Wings
1132,City of London
7393,Priority Records
12388,Albert Jarrett
12379,S.C. Olhanense
2105,University of Bologna
8885,Valentine's Day
13992,Nicholas and Alexandra
10928,Brian May
1731,coming of age
7321,World Golf Hall of Fame
2248,Illeana Douglas
6144,Ole Miss Rebels football
6151,The X Factor
13919,Cobb County
4169,Master of Laws
10518,Black Swan
4823,St. Lawrence University
1373,hip house
3771,cryptoxanthin
6462,Henrik Ibsen
13334,Mira Nair
7498,Cork City F.C.
1973,Charlie's Angels: Full Throttle
3525,Bradley Bell
13907,Peoria County
10858,Billy Joel
8048,"The Citadel, The Military College of South Carolina"
7524,Auckland City
3215,Australia national cricket team
3985,Frank Borzage
5898,Atlanta Silverbacks
7338,Nick Jonas
6888,Monounsaturated fat
2397,Montclair State University
4458,NCAA Men's Division I Basketball Championship
13860,Chisago County
547,"Goldsmiths, University of London"
2265,Charlie Sheen
11507,Irving Berlin
11465,New Zealand
8111,Garry Chalk
11868,xylophone
9581,Tajikistan
1711,MIT Sloan School of Management
13304,Rutgers University
9475,Six-Day War
599,Botswana
3609,Merge Records
12556,Tom McCarthy
6826,Joseph Conrad
1267,colonel
10428,Mars
4263,police procedural
10227,William A. Fraker
4318,Appalachian dulcimer
5306,Chiranjeevi
5285,Independent Spirit Award for Best Female Lead
14185,Petaluma
10431,New York Film Critics Circle Award for Best Film
12149,Lucky Numbers
14460,Keble College
1759,crown prince
4242,MTV Video Music Award for Best Visual Effects
3745,Silver Screen Partners
11567,Philippine Standard Time
2339,Wayne Shorter
12508,Primetime Emmy Award for Individual Performance in a Variety or Music Program
5014,Hindustani classical music
8625,protein
3419,Henry Winkler
8470,The Twilight Saga: New Moon
4539,Ernest Hemingway
254,Traverse City
8514,Panama
4393,Derry
12358,Albert Nobbs
7978,The Challenge
7420,Puerto Rico national football team
12519,Irene Sharaff
7645,CBC Television
7367,Luxembourg
918,Bruce Sterling
3498,Derby
4808,Daytime Emmy Award for Outstanding Drama Series Writing Team
5533,Adelphi University
14446,Mount Vernon
14005,Hudson Hawk
8331,Shadowlands
3787,Constantin Film
1816,The Wharton School
11018,John Ottman
9804,Sivasspor
3398,Grammy Award for Best Contemporary Blues Album
1744,Anjelica Huston
3680,Matt Dillon
1137,A.C. ChievoVerona
11566,concert film
8415,The Ghost Writer
2371,Rare Ltd.
8579,CBS Corporation
13126,Swindon Town F.C.
7587,Satellite Awards 2008
7933,Province of Turin
11976,Delaware County
4592,dance-pop
5448,Dylan McDermott
9363,Szczecin
7506,LucasArts
13834,Weld County
5645,Barrow A.F.C.
13781,Santa Fe County
3225,Ukrainian Soviet Socialist Republic
2979,Meagan Good
7045,Jean-Paul Sartre
10242,Josh Hutcherson
5402,metalcore
11231,Dannii Minogue
14093,Karlsruhe
13191,Some Like It Hot
1155,George Takei
8569,physician
8465,MTV Movie Award for Best Kiss
3164,Catalonia
4015,Final Fantasy: The Spirits Within
9478,Tony Award for Best Actor in a Play
11523,People's Republic of China
1163,Trey Parker
8915,Romania
5464,Amy Irving
12965,Alfred Hitchcock
5779,Inverness Caledonian Thistle F.C.
14390,Livonia
6556,Sony Pictures Entertainment
12975,Maui
11607,Irvine
11089,Silver Spring
9438,Dan Green
4723,Don Cheadle
13780,Brunswick County
14506,My Left Foot
2653,Jason Flemyng
2530,lineman
7919,A Few Good Men
9261,Universal Motown Records
6327,Bea Benaderet
13694,Greenville County
5103,Natasha Richardson
7097,Lady Gaga
11023,Midnight in Paris
9840,Danny Huston
4719,African popular music
6762,Nigeria national football team
12655,The Philadelphia Story
3101,Wrexham
9012,James Burrows
13517,talk show
12648,Seeking a Friend for the End of the World
8570,Live Free or Die Hard
7703,The Jackal
8911,rock music
9452,Walter M. Scott
841,United Artists
12892,Robert Towne
12602,East Africa Time
8698,Never Let Me Go
10178,Richard Riehle
6743,The McClatchy Company
5398,2002 Major League Baseball draft
2928,Bob Ludwig
4264,Howard Ashman
4657,Eternal Sunshine of the Spotless Mind
11006,Michael Ballhaus
5537,The Terminal
2945,Kamal Haasan
4345,Grammy Award for Best Spoken Word Album
13669,Fairfax
92,Angel
1281,John Barry
8334,Pete Docter
5048,Punjabi people
4135,urban contemporary
12704,Glee: The 3D Concert Movie
5071,public administration
9747,Toledo
14368,Greenville
10727,Unforgiven
1446,Macaulay Culkin
8126,Govinda
10953,David Duchovny
2985,Danny Trejo
4492,Tim Minear
3109,Aldershot
1994,Vassar College
13194,automobile
9247,Elche CF
10509,"Charles Cornwallis, 1st Marquess Cornwallis"
11260,Douglas MacArthur
7314,scarlet
955,Dixie Chicks
12716,A Midsummer Night's Dream
347,City of Angels
1002,Chess Records
538,Bob Hoskins
6771,Georgia national football team
8987,Welsh people
1604,University of Strathclyde
9193,San Francisco 49ers
10852,Peter Bogdanovich
7492,Ken Adam
6560,Embassy Pictures
3065,Corey Burton
8012,Happy Feet
8276,Ninja Tune
11442,Brooklyn
2659,Robert Morley
8136,Norway
3375,Abbas Kiarostami
2619,Roberto Benigni
11947,San Antonio
2892,Van Morrison
6778,Moldova national football team
4101,Allison Janney
361,Truman Capote
2934,Chuck Berry
8223,Gordon Douglas
13373,Marin County
13838,1924 Summer Olympics
333,Mark Twain
11321,Jagdeep
2270,John Ford
9921,Marie Antoinette
11794,Lauren Conrad
8581,Norman Taurog
6583,Ron Silver
1575,Jason Priestley
14085,Real World
2042,Landgraviate of Hesse-Kassel
8041,William J. Bell
4437,Dazed and Confused
1967,Bob Geldof
6868,When in Rome
13142,Ankara
4156,Lookout! Records
3189,Eric Burdon
4547,American International Group
13632,La Crosse County
6463,Nikon
13756,Summit County
14388,Arsenal FC
8864,Quebec
4175,"University at Buffalo, The State University of New York"
12035,Juliette Binoche
9098,Ben Karlin
10829,The Apartment
8819,John Barrowman
5409,Middle Tennessee State University
8947,Richard Matheson
13322,Lake County
12832,The Conversation
4024,Oldham Athletic A.F.C.
7300,Wyatt Cenac
1081,Pomona College
834,Bhangra
4434,Ray Liotta
307,Germans
589,Frank Loesser
10451,Bobby Wolff
6439,Entourage
1563,acid house
2866,Queen Latifah
883,RCA Records
11633,Utrecht
8260,Kettering Town F.C.
1427,Michael Swanwick
7585,FC Vaslui
12698,Stephen Fry
5073,Larry Fine
196,Jaco Pastorius
11563,River Thames
3581,Joshua Logan
11324,Ben Bennett
4575,Drea de Matteo
12453,Boxer Rebellion
5078,Western Kentucky University
5686,Quadrophenia
1828,Telemundo
1985,Jim Steinman
8971,Michael L. Printz Award
5803,Runaway Jury
12104,Phineas and Ferb
13692,Spartanburg County
12199,John Madden
13908,McLean County
7028,Om Puri
1472,Orion Pictures
16,Adam Carolla
1135,Sofia Coppola
10259,There Will Be Blood
7217,KLM
13513,electronica
10377,Broadcast Film Critics Association Award for Best Cast
14269,1992 Winter Olympics
12566,Primetime Emmy Award for Outstanding Reality Program
10554,Secretary of State
7147,Jason Roberts
13859,Dakota County
12155,2011 Sundance Film Festival
10165,Manoj Kumar
3245,Christopher Guest
5593,Frederik Pohl
2428,Middlesbrough F.C.
10241,Image Entertainment
972,Pete Postlethwaite
10265,Asha Parekh
303,Dave Matthews Band
11655,Bernardo Bertolucci
2744,Benji Madden
824,Stephen Stills
9080,Sun
14125,Missing
3387,Padma Vibhushan
12197,Clinton County
3026,Cincinnati Bengals
2471,Kiefer Sutherland
8527,pope
12218,Thunderball
1515,Lifetime
11381,Leiden
6440,2004 NFL Draft
1496,First French Empire
6433,University of Texas at Arlington
634,John Osborne
11631,Bugs Bunny
13468,Cartoon Network
8840,Michael Hirsh
7308,Conrad Buff IV
5326,February
2922,Dundee Football Club
2844,Steve Buscemi
10239,Kay Alden
7042,M. Emmet Walsh
9567,Stephanie Morgenstern
13726,Linn County
13215,Apple Inc.
7700,Crimes and Misdemeanors
7171,Blade: Trinity
13456,Ticino
12899,Jurassic Park
268,Catherine Zeta-Jones
7189,F.C. Girondins de Bordeaux
10929,Bappi Lahiri
6000,Paul Soloway
9591,Tonga
4377,Akira Ishida
12016,Louisville
3195,University of Maine
1567,Kelowna
6005,Takehito Koyasu
12143,Accra
13238,Since You Went Away
14512,Portsmouth
8186,Keith Urban
10991,Fast Five
11978,Erie County
10217,Fort Lauderdale Strikers
8104,Nova Scotia
14304,Paducah
4369,partner
971,University of St Andrews
11085,George Harrison: Living in the Material World
2641,Tomorrow Never Dies
9627,Theodor W. Adorno
14243,Alton
14179,Santa Barbara
4511,Canadian English
2206,pin-up girl
6396,William Hanna
6379,Taken
7415,91st United States Congress
3950,Tom Arnold
4537,University of Calcutta
5353,FreeBSD
1026,Dark Horse Comics
10498,Avignon
3448,Charles Mingus Jr.
14048,The Goodbye Girl
11105,talent show
10973,Going My Way
4993,Patty Duke
6901,Shelley Duvall
7390,Andre Jacquemetton
3430,blockbuster
9254,The Outer Limits
11726,Allium cepa
12106,lieutenant governor
2999,The Shield
8460,Ellie Kemper
3821,Michael Lantieri
13444,Arlington National Cemetery
6672,The Hitchhiker's Guide to the Galaxy
12266,"Charleston, West Virginia"
13791,Ocean County
1474,Barnsley
9730,Dylan Baker
3586,Patrick Mulcahey
12642,That's My Boy
1582,A. R. Rahman
1080,1988 Winter Olympics
5047,Rambo: First Blood Part II
14072,Jerry Seinfeld
3903,Roy Bittan
3730,John Riggi
806,Chelmsford
13827,Camberwell
12184,Paramount Vantage
11091,fairy tale
8996,RCA
4076,Harrow
1536,Pontifical Gregorian University
12451,Ethnikos Piraeus F.C.
13123,documentary film
454,Neil Diamond
7106,The Fighter
9970,William Shakespeare
5821,bell
2958,Thomas Newman
9488,The Cassandra Crossing
5294,Steve Englehart
6030,Hayley Mills
12532,The Lookout
4378,Chunichi Dragons
12631,The Master
353,Shaanxi
7989,marijuana
10138,Friedrich Hollaender
5636,Fat Wreck Chords
5105,Ed Asner
6477,Michael Cera
8937,Russell Brand
6950,James Cagney
4351,Sean Bean
6374,PFC Litex Lovech
2839,Borussia Dortmund
5892,Brotherhood of the Wolf
3923,Legally Blonde
3900,Asia Argento
12261,Bismarck
7705,Martin Scorsese
4127,Phil Collinson
7432,A. K. Hangal
13383,Riverside County
618,Burkina Faso
10448,"University of California, Los Angeles"
12866,London School of Economics
4334,76th Academy Awards
4598,Michael York
13210,Eve
1614,3rd United States Congress
6002,Nick and Norah's Infinite Playlist
11363,Aquitaine
4333,99th United States Congress
12713,L-Aspartic Acid
2234,Aaron Spelling
6934,Jiang Wen
5060,Jerry Orbach
3119,Merthyr Tydfil
10758,Dimeback
5843,college basketball
8808,Victory Records
10549,Paul Epworth
4616,Jimmy Van Heusen
2837,Katie Couric
6757,Weymouth F.C.
5695,RenderWare
9313,synchronized swimming
4620,Bam Margera
2608,Sheffield United F.C.
9071,Chill-out music
4582,Robert Smigel
5393,"New York, I Love You"
1785,Harry Warren
12994,2000 Summer Olympics
739,Nixon
7254,Arminia Bielefeld
8219,Jude Ciccolella
1009,John Frusciante
1850,Chris Thomas King
3432,Focus Features
602,toy piano
5521,Men in Black II
5056,A View to a Kill
13216,hypertension
12210,The Princess and the Frog
14197,Gainesville
7877,musical saw
8240,Legend of the Guardians: The Owls of Ga'Hoole
3867,2007 Major League Baseball season
7132,Raghu Babu
6584,Ice-T
13312,Hamlet
3767,Frontiers Records
10599,Primetime Emmy Award for Outstanding Lead Actress in a Comedy Series
7993,buddy film
6530,Grammy Award for Best Urban/Alternative Performance
12883,Busan
8731,phytosterol
1584,Rob Lowe
11594,Lara Croft: Tomb Raider
1514,Jackson State University
9656,Oliver Twist
1308,Chicago
6274,Tom and Jerry
12634,Amour
3852,The Hustler
4235,MTV Video Music Award for Best Male Video
208,Aerosmith
3144,Dick Clark
3275,Warwickshire
2950,Elizabeth McGovern
2002,Ricky Skaggs
1007,Beijing
9936,How I Met Your Mother
10517,FC Vorskla Poltava
10555,Americana
5487,Mandarin Chinese
9217,Seychelles
5985,Craig Thomas
10663,Kaboom
727,Jeremy Irons
9985,Lost
7423,Latin hip hop
5320,Hannibal
3793,Pacific Palisades
4821,Revolutionary Road
6008,Survivor: Kaôh Rōng
4645,Barack Obama
13631,Milwaukee County
14380,Senate of Canada
6212,Hamburg
451,Emma Thompson
2418,Kingdom of Romania
14176,San Luis Obispo
8440,Club Olimpia
2399,George S. Clinton
4005,Marlon Wayans
4089,Fran Walsh
136,Raymond Massey
4468,Joan Allen
5169,Esteghlal F.C.
11822,Sweeney Todd: The Demon Barber of Fleet Street
6339,Barbara Hershey
8485,Golden Raspberry Award for Worst Original Song
4518,Trinity University
9519,Adolf Hitler
1613,2nd United States Congress
12299,31st Academy Awards
12912,Asia
3802,Dominica
4509,arachidonic acid
5700,canoe slalom
10184,palmitoleic acid
1880,Macclesfield
3205,Moscow Oblast
1307,The Rescuers
4600,bronze medal
6542,Warner Bros. Records
12619,Step Up Revolution
13760,Lucas County
2595,Shirley Jones
13484,Lima
9119,Spanish
13629,Sauk County
4827,Primary Colors
2151,Linda Perry
711,Macalester College
4130,Dressed to Kill
6415,Breckin Meyer
11185,Christopher Cerf
1663,Battle of France
524,Paul Winfield
9148,Akkineni Nagarjuna
794,Brussels-Capital Region
12127,Goya Award for Best Director
10680,alpine skiing
673,Ron Paul
4519,Mary-Ellis Bunim
2941,Angelo Badalamenti
14058,University of Freiburg
4138,Detroit Lions
1573,St. Catharines
3455,Warrington
4016,Rush Hour 2
6683,Iroquois
5723,Eurodance
13965,Academy Award for Best Sound Mixing
12258,Helena
5763,Gary Cole
13535,Neil Young
154,Norman Jewison
6250,David Thewlis
1342,Erlangen
14396,hard rock
5137,University of Tasmania
10105,Zimbabwe
9182,Robert Richardson
8869,HTC Corporation
10289,Changchun Yatai F.C.
10946,1948 Winter Olympics
12391,Breaking and Entering
5920,George Harrison
8192,The Remains of the Day
8289,University of Saskatchewan
1229,Hidalgo
9719,Turing Award
4999,Underbelly
8123,Walter Murphy
4557,Steve Howe
10607,Primetime Emmy Award for Outstanding Guest Actress in a Comedy Series
8018,Madrid
4347,Kiki's Delivery Service
791,F.C. Porto
2394,Fairleigh Dickinson University
8628,Coburg
9786,1. FC Nürnberg
8397,Oliver Cromwell
8384,Mark Moses
8620,Tyler Perry
1331,Alan Cumming
14270,1980 Winter Olympics
5980,William Chang
9267,sailing
13392,Shasta County
10453,luge
5867,Sony Interactive Entertainment
12061,R. Kelly
13331,Elliott Smith
12413,Bon Jovi
4602,Netherlands national football team
11437,Screen Actors Guild Award for Outstanding Performance by a Female Actor in a Comedy Series
343,Oi!
8878,Life Insurance Corporation of India
1898,Carroll O'Connor
9431,Deuce Bigalow: European Gigolo
11889,Milwaukee
10020,Walmart
10464,Micky Dolenz
8346,Utrera
10921,Queen
1626,17th United States Congress
10480,Himalayas
12355,The Perks of Being a Wallflower
11328,Victoria Beckham
14053,Peninsular War
7944,Province of Cagliari
1487,pastor
7751,David Silverman
6720,Brigitte Nielsen
161,Nancy Pelosi
13017,psychologist
9118,star
6713,Japan national football team
4129,Mystic River
7231,The Clearing
3703,North Carolina Tar Heels men's basketball
703,The Cosby Show
10788,All the President's Men
5379,Dirty Pretty Things
1630,20th United States Congress
2633,Houston Aeros
7275,Jon Brion
1741,Courage Under Fire
10906,Green Lantern
12346,Channel 5
4954,Siddique
12788,adventure
3504,Empire of the Sun
4838,Eyes Wide Shut
9575,Amy Ryan
10688,bobsleigh
2554,Michelle Branch
1516,Baroque music
1889,Robert Cray
9554,Americas
2730,Jimi Hendrix
9984,world music
12973,Colorado Avalanche
10223,Chris Bauer
9951,Boardwalk Empire
13361,flute
8354,Lady in the Water
2490,Enrique Iglesias
1661,Robert Stack
9625,AACTA Award for Best Actress in a Leading Role
3407,Republic Pictures
107,Trent Reznor
4454,film director
14151,Inglewood
462,Bob Hope
11958,Vanilla Sky
9973,Warsaw
9388,Seinfeld
2655,Jim Dale
4927,Joseph Sargent
4857,Astro Boy
393,Keith Richards
2574,comedy-drama
2312,Townsville
2564,Calvinism
4448,Gregg Allman
3977,Fisher Stevens
13607,Collingwood Football Club
1096,Q2878144
2079,Lauren Bacall
5168,Frost/Nixon
13821,Showgirls
5020,Scotland national football team
251,Shreveport
6078,Q-Tip
12500,University of Bristol
10820,Jean Louis
3987,Miami Marlins
8061,Mobile
2405,Danny Aiello
12151,Ben Gibbard
7584,Rebecca
1510,Northrop Grumman
12679,soul music
8059,Danubio F.C.
6235,Maccabi Tel Aviv F.C.
7601,Season of Mist
8413,James Remar
8386,Paul Haggis
829,The Lord of the Rings: The Fellowship of the Ring
1404,University of Birmingham
226,Jackson Browne
249,Sioux City
11645,Evian Thonon Gaillard F.C.
14287,Lawrence
11445,Horrible Bosses
10839,1991 NCAA Men's Division I Basketball Tournament
10327,Bologna
3989,East Tennessee State University
13636,Kanawha County
6371,Carol Spier
13927,El Paso County
10442,Bernard Telsey
3038,McMaster University
13505,Q27243370
4208,Dalhousie University
7235,contiguous United States
4984,South Carolina State University
7238,Delfino Pescara 1936
8815,Punjab
994,Cowpunk
8623,William Sanderson
4725,University of Kiel
6118,Galaxy Quest
7716,Steve Carell
3003,Edward Fox
4126,Camberwell College of Arts
12547,Top Hat
13442,Sting
9636,Talking Heads
13917,Sedona
5417,Charles Durning
4980,Mobile Suit Gundam 00
4370,Rollins College
3621,Elsevier
895,Muse
1873,Julianne Moore
8014,Walter H. Tyler
2717,Gyeonggi Province
1972,Rio Grande do Sul
2989,Club America
14169,Riverside
3399,Nitty Gritty Dirt Band
10375,King of the Hill
13933,Andes
6309,Queen of the South F.C.
2756,LL Cool J
10687,Salvador
11184,Real Steel
2721,Colorado Springs
45,Pete Seeger
8656,Shakti Kapoor
8472,Oscar Hammerstein II
10434,Kyoto
12157,Sullivan County
5225,Alfred Molina
12791,post-apocalyptic fiction
11779,Breakfast at Tiffany's
11809,Titanic
13041,Chicago Bulls
2651,Fukuoka SoftBank Hawks
8501,Mick Harvey
3658,Grammy Award for Best Country Performance by a Duo or Group with Vocal
2034,Stamford
3661,Delaware
14498,Alan Moore
5801,ghost
5166,A Christmas Carol
5156,HAL Laboratory
7239,Mary Shelley
11272,Thomas Little
8028,Tigres UANL
10462,James Wilby
3883,The Mummy: Tomb of the Dragon Emperor
158,Arthur Laurents
12093,The Quiet American
404,choline
3321,curator
12255,Baton Rouge
6203,Writers Guild of America Award for Best Original Screenplay
9049,royal blue
11903,Gettysburg
5444,Slade School of Fine Art
12336,Geelong
5511,Infernal Affairs III
11428,Mrs. Miniver
5765,The Cannon Group
2551,Sanctuary Records Group
3708,disco
3489,Grammy Award for Best Score Soundtrack for Visual Media
10291,Winter's Bone
9795,The Chemical Brothers
12660,Seven Psychopaths
2506,third baseman
6323,Scottish people
10038,Wellington
13658,Petersburg
3651,Contact
11043,dog
7737,Mali
7617,House
11013,anorexia
7487,Lake Erie
9308,Ghost Rider
3228,Bromley
9691,Texas Rangers
9314,swimming
4759,Dev Patel
13503,Pulitzer Prize for Music
319,John Mills
7481,Gambia national football team
7597,Dan Povenmire
340,Michael W. Smith
1521,Kagoshima Prefecture
3917,death
12771,American Samoa
14196,"Washington, D.C."
14263,Hank Azaria
12536,The Artist
9043,Al Ain FC
7599,Equatorial Guinea national football team
7851,Hugo Award for Best Professional Artist
5995,The Reader
7627,Latin America
12004,Coming to America
13170,Birmingham
1458,Wong Kar-wai
9842,University of Rochester
11890,Aleksa Palladino
4536,Kathy Bates
13930,Picardy
14046,Dog Day Afternoon
4311,Dan Simmons
12311,Worcester
12116,Islam
7651,Linkin Park
11388,County Cork
920,Adrian Belew
1750,The Daily Show
463,Cheltenham
10390,Eastern Europe
12170,BIFA Award for Best Supporting Actress
3032,One Life to Live
7956,Ronald Harwood
9321,PFC Botev Plovdiv
12893,National Front for the Liberation of South Vietnam
1420,Square Enix
2253,Tom Selleck
6703,Ratatouille
12723,L-Serine
13057,Los Angeles Clippers
10886,Ingrid Bergman
1059,Bram Stoker
10780,Thessaloniki
10641,Worcester City F.C.
10052,Judah Friedlander
5187,Francis Ford Coppola
1535,Peter Stone
10982,high school
14296,Brockton
12056,Star Wars: Episode III – Revenge of the Sith
13231,Greater Los Angeles Area
10359,15 Minutes
12060,Joseph Heller
615,Gerry Anderson
13386,Brigham Young University
1594,associate degree
8691,Gary Lucchesi
13580,T-Bone Burnett
9659,tuberculosis
2013,Citizen Kane
13656,Prince William County
7822,Wedding Crashers
14348,Adobe Systems
5852,Egypt national football team
6946,Jerusalem
13699,Westmoreland County
4123,didgeridoo
2225,Cebu City
9190,Sherlock Holmes
7562,Jeff Bennett
9708,Tirana
5177,Bleach: The DiamondDust Rebellion
11770,Meg Ryan
13175,Bristol County
12837,Facebook Inc.
2413,crime
8299,Sex and the City 2
12979,orange
12543,Sylvester Stallone
1734,Sam Mendes
5901,Harry Andrews
3578,Dirty rap
14124,Atlantic City
1240,Goa
670,Big
449,slasher film
6447,Bob Roberts
3845,Sherman Oaks
1846,Jon Lord
3784,National Museum of Racing and Hall of Fame
5680,Patrick Dempsey
12124,Rockland County
5346,β-carotene
11901,Olivia Newton-John
241,Daniel Radcliffe
5161,espionage
12692,big band
1524,Minnie Driver
3481,Tom Sizemore
6497,Grammy Award for Best Pop Vocal Album
13201,"It's a Mad, Mad, Mad, Mad World"
10214,Michael Fassbender
13109,thrash metal
5038,Rhode Island School of Design
6481,MegaMan NT Warrior
10397,Venus
2914,Gary Numan
6408,"Ed Begley, Jr."
5224,Spider-Man 2
2333,Konami
14028,Rod Serling
11484,Queen Victoria
6064,Nina Simone
8917,Ajith Kumar
14420,Summit
8356,New Order
9972,Woody Allen
5242,infielder
1074,Cruzeiro E.C.
12462,educational television
6286,Michael G. Wilson
14209,Aberdeen
6218,Noah Taylor
12971,Xinjiang
3140,St Andrews
8510,politics
3530,Jason Isaacs
14300,Kansas City
9185,Sheryl Crow
5397,Evangelion: 1.0 You Are (Not) Alone
13941,Robert Bolt
3841,This Is England
10985,The Dark Knight Rises
12465,Ryan Kavanaugh
8034,merchant
4485,Maya Rudolph
680,Dessau
10693,Ocean's Thirteen
10463,Bob Rafelson
11125,47th Academy Awards
1297,Grammy Award for Best Solo Rock Vocal Performance
2893,Bill Hicks
6150,thrashcore
4461,Toto
13600,Out of Africa
5312,freestyle music
7630,Lansing
13605,John Candy
7864,Richard Culliton
9067,Joanna Cassidy
2076,Christian Slater
11071,Super 8
13697,Providence County
5545,Romania national football team
11942,Fort Worth
1409,"Lock, Stock and Two Smoking Barrels"
6492,E. G. Marshall
9276,Dan Wilson
665,James Garner
10212,Albany Law School
717,Hugh Grant
7196,Earache Records
2022,Lexington
13729,Jackson County
3126,National Gallery of Art
7947,Province of Palermo
7502,Derry City F.C.
6605,Grammy Award for Best Rock Album
8688,MTV Movie Award for Best On-Screen Duo
6621,The Bourne Identity
785,Sienna Guillory
14290,American English
1777,Debbie Gibson
3534,calcium
9374,Filipino people
1853,Silkwood
5975,N. Gail Lawrence
2462,Sexy Beast
13773,Athens
49,Boulogne-Billancourt
12538,84th Academy Awards
342,The Edge of Night
11115,"Paris, je t'aime"
1835,American Wedding
544,Roy Scheider
4399,short film
14043,The Family Man
13853,Augustus
784,Hannover 96
8763,James Blunt
761,Ali
5615,Fleetwood Mac
8312,Kathleen Quinlan
1976,Christopher Lloyd
1241,Friz Freleng
1330,Grammy Award for Best Female R&B Vocal Performance
3492,Betty White
12109,Henry King
5181,film
5092,Jack Palance
10594,Eastleigh F.C.
7135,Nicki Minaj
3893,music director
8234,The U
13332,Terrence Malick
6587,Isle of Man
6457,Livingston
12960,Montreal Alouettes
10087,Yom Kippur War
11478,King Records
6889,Geoffrey Lewis
10505,Diana Wynne Jones
4341,"California State University, Los Angeles"
12499,myocardial infarction
7195,Robur Siena
10320,The Hours
8790,Tinnu Anand
1699,Thomas and Friends
8975,Roman Republic
10296,FC Ingolstadt 04
7257,Guyana national football team
1958,Grimsby
924,Will Ferrell
6112,Ernie Hudson
8369,Ontario
10857,Anthony Quinn
9964,Michelle Ruff
14201,Pompano Beach
5548,Macedonia national football team
9515,Vilnius
9030,Lester Holt
8275,Josh Schwartz
4330,Middlebury College
5140,Kim Carnes
8046,Mickey Mouse
9904,Monster House
3478,ovarian cancer
14473,The Queen's College
7293,Karachi
10932,Gentleman's Agreement
14094,Anhui
13015,David Lean
10613,French and Indian War
930,Ōsaka Prefecture
10572,59th Golden Globe Awards
3222,Scarlett Johansson
5743,Gene Kelly
9095,Sean Connery
11368,political hip hop
2982,Fontana Records
9204,Ronald Bass
9963,Mona Marshall
7738,Malta
5908,German Empire
2960,Connecticut
12063,Odessa
3526,fighter pilot
3117,Yemen
12458,cardiac arrest
12072,Mulan
1150,Kanpur
8718,Pueblo
8231,Glee
10785,Beginners
8214,An Ideal Husband
11842,Gwynedd
13083,Aladdin
12951,tenor
1131,Chrysler
2189,Yoko Ono
4754,Villanova Wildcats men's basketball
12059,Roald Dahl
321,chief information officer
9174,Star Trek: The Original Series
6935,jainism
4973,Lafayette College
7019,Malcolm David Kelley
14139,Fort Smith
3964,Pleasantville
10990,Alex Gibney
11176,Greg Bear
13963,Rex Harrison
5413,Western Illinois University
8030,Jesse Eisenberg
7586,provost
6358,F.C. Zenit St. Petersburg
11935,Hayden Christensen
14338,Arkansas
1995,Mobile Suit Gundam SEED
3568,Kim Kardashian
499,Emilia-Romagna
9346,112th United States Congress
1260,Upper Normandy
8489,Dave Wittenberg
945,Orange Free State
429,Jewel
1328,Grammy Award for Best Male R&B Vocal Performance
7595,Mary
10571,A Passage to India
5495,Harry Potter and the Prisoner of Azkaban
14449,White Plains
4036,Carlisle United F.C.
8298,nature
11737,Delroy Facey
13990,Airport
2592,Jaleco
12310,monster film
13348,Cannes
2713,University of Oklahoma
2942,Rita Moreno
12488,Hotel Transylvania
7746,Barry Corbin
4717,electric folk
9072,Aarhus Gymnastikforening
13090,Newport
13441,University of Manchester
12438,John Slattery
11656,David Mandel
3613,UNK_16
11987,The Rocketeer
10586,Akiva Schaffer
4944,Jane Campion
5461,Francis Bacon
11489,Rick Baker
1845,bulldog
9600,Mike Scully
938,STV
2310,National University of Singapore
11719,Malacca
9728,Mark Bresciano
3421,2 Fast 2 Furious
13787,Somerset County
6332,civilization
14141,Hayward
11790,Holes
6434,horror film
10319,The Longest Yard
10828,Cybill Shepherd
3456,Grammy Award for Best Classical Contemporary Composition
3563,Atlus
5486,Alfre Woodard
1735,D.C. United
10588,Georgy Zhukov
7797,Pennsylvania Academy of the Fine Arts
2351,community college
7362,Edward Zwick
11863,Sierra Entertainment
9520,Vietnam War
7364,Tiburones Rojos de Veracruz
6069,Joely Richardson
1870,Toby Keith
12902,East Prussia
7268,Catherine Keener
3135,Shahrukh Khan
14098,Menlo Park
2377,Beetlejuice
3148,Jermaine Jackson
2635,Dawn French
7018,Josh Holloway
9943,Rory Fallon
1927,Brandon
12822,Ancient Greece
8580,Molly Parker
9246,Vincent Kartheiser
10595,Michelangelo Antonioni
13703,Schuylkill County
1402,disaster film
4648,University of Wyoming
5529,Lou Diamond Phillips
11569,Potsdam
2888,Faith Hill
368,M*A*S*H
8586,Swoosie Kurtz
9318,SD Eibar
614,Johnson & Johnson
8072,Henry Grace
7020,Daniel Dae Kim
13540,Shakespeare in Love
13049,Denver Nuggets
5607,Ming-Na Wen
6276,Bryce Dallas Howard
10933,Eve Myles
3400,Grammy Award for Best Orchestral Performance
8752,George Washington University Law School
1480,Sherbrooke
8307,Nassau
5508,University of Cape Town
12624,William Wyler
2096,Steve Vai
13336,anarcho-punk
8624,police
14100,Jeff Beck
10609,Screen Actors Guild Award for Outstanding Performance by a Female Actor in a Leading Role
13047,Toronto Raptors
4581,Tombstone
10416,United States of America
9158,Art song
10905,Coriolanus
211,Emma Watson
12576,Academy Award for Best Cinematography
800,Walt Disney Pictures
3043,Road to Perdition
1300,Sam Neill
13405,mockumentary
13751,Heaven's Gate
1896,Colorado Rapids
8703,Palestinian National Authority
5732,David Zucker
9079,Sri Lanka
5334,Fritz Leiber Junior
4877,The Yards
7889,keyboard instrument
1801,Paul Robeson
12277,Helen Rose
6952,Native Americans
2793,Jason Alexander
2264,Rita Hayworth
937,Thrissur
13193,Felix Mendelssohn
8539,talent manager
13381,Placer County
2084,Don Johnson
5427,ABC Records
3873,Guangzhou Evergrande Taobao Football Club
7904,Joe Diffie
5887,Jamaica
2467,Kill Bill Volume 1
9909,vampire
8724,Portsmouth
8943,ragga
911,Brantford
1072,Santos F.C.
8770,The Jetsons Meet the Flintstones
12559,Goya Award for Best Original Screenplay
13125,sitar
9207,Kate Walsh
10028,Waterloo
244,David Suchet
10624,Red Tails
5435,Hungarian
5184,Santo Loquasto
11051,Ashley Judd
13579,Sayonara
8348,public university
8740,Robert Pattinson
5660,Staunton
1034,June Foray
13811,St. Lawrence County
175,The Temptations
6015,Breaking Bad
6109,Vitesse
7316,Columbia University College of Physicians and Surgeons
11823,We Bought a Zoo
5967,Ted Levine
378,Stalag 17
3807,Bradford City A.F.C.
7201,Hertha BSC
8064,Marvel Comics
10474,Andrew Scheinman
5365,Inglourious Basterds
3571,Hugo Award for Best Novella
3916,Miranda Otto
7789,Olivia Wilde
4402,75th Academy Awards
11554,Clark County
3261,F.K. Partizan
9698,biologist
13704,Northampton County
1371,BT
8802,Eric Tsang
9243,Werner Stengel
2092,health care
11266,Thai
5890,Evan Rachel Wood
6361,Hezbollah
3946,Cheech Marin
9404,Surrealism
4294,Disneyland
4301,Saturn Award for Best Director
8469,The Sorcerer's Apprentice
14441,Awakenings
1953,Clint Black
8127,EMI Music Japan
314,public policy
5603,George Raft
12879,Avalon Hill
4658,Paul Frees
5302,Tangled
8494,Presidential Medal of Freedom
1932,Megumi Hayashibara
10975,Pietro Scalia
10724,Beauty and the Beast
5455,Stephen Root
5482,Lauren Tom
5236,Rajinikanth
13084,Guadalajara
2672,Joyce Carol Oates
14291,Lowell
8410,Emile Hirsch
11455,Alexandre Desplat
12870,Northern Dancer
9750,Walon Green
6053,David Wain
12161,Hollywood Squares
4515,Boston Latin School
2918,Flea
858,Kansai region
9255,slide
6385,FC Dnipro Dnipropetrovsk
7453,grime
10473,The Whistleblower
3273,"California State University, Long Beach"
6748,Mark Williams
12454,I Am Legend
12322,Wall Street
4483,Ecuador
11509,Westchester County
7565,A.C. Ajaccio
8161,S.V. Zulte Waregem
5649,Robert Montgomery
9810,Kristen Stewart
9373,Brahmanandam
7615,lung cancer
5639,Neil Patrick Harris
7526,James Ivory
3720,AACTA Award for Best Cinematography
3885,Catherine O'Hara
4191,Djimon Hounsou
2350,Jake Shimabukuro
8720,Freddy Rodriguez
7653,Vishal Bhardwaj
11980,Granada CF
7159,Kent
13249,Disney Channel
5445,Peter Gallagher
1942,Tony Award for Best Musical
7229,Van Johnson
8634,Subhash Ghai
11425,The Sound of Music
3953,Doris Day
5946,1908 Major League Baseball season
7938,McGill University
12516,Boston University
2831,Channel 4
7542,Liverpool F.C.
5041,first baseman
7939,Montreal
7341,The Island Def Jam Music Group
4195,Davenport
7347,James Rebhorn
3340,Jackie Brown
7963,Sherlock
5361,Drake University
9780,Mark Salling
12759,House of Commons
1668,Bruce Campbell
9746,Mark Isham
2340,Spy Game
3161,Windsor
1285,Caldecott Medal
5574,Jason Bateman
3217,illustrator
2694,Christmas
4119,Girton College
4545,Cloris Leachman
3073,Sirius Satellite Radio
11666,Hellboy
12988,Albert Einstein
10108,Zambia
5158,The Catholic University of America
11892,Lloyd Alexander
11333,Sidney Poitier
3294,Eidos Interactive
264,Durham
4780,liver failure
6020,Raza Murad
9089,Lena Headey
4373,Seven Network
9896,United States Secretary of State
10056,SCE Studio Liverpool
12002,Chris Messina
11270,Farida Jalal
6273,The Bourne Supremacy
12409,Jonathan Walters
770,Chicago blues
10396,National and Kapodistrian University of Athens
4972,Steel Azin F.C.
11514,Lily Allen
3937,noise rock
14041,Tijuana
2089,Lewis Cass
6899,Jean-Jacques Rousseau
1098,Gangs of New York
9008,Dancing with the Stars
4617,Bennington College
9464,Seattle University
13539,Claudia Schiffer
12936,Wales
5331,stroke
9474,Moses Ashikodi
13464,Savannah
9743,Jennifer Carpenter
4266,old-time music
14513,Canton
12140,California State University
1202,Bryan Adams
6107,Roda JC Kerkrade
3279,Federation of Bosnia and Herzegovina
2820,B. B. King
2742,Ozzy Osbourne
10367,Critics' Choice Movie Award for Best Actor
11564,Hereford
9465,113th United States Congress
2652,Nas
6734,PFC CSKA  Sofia
6943,Tony Goldwyn
148,Scott Bradley
7179,Chiba Lotte Marines
926,bisexuality
8107,Tom Rosenberg
5165,Charo Santos-Concio
12592,legal drama
3899,Dante Alighieri
11641,Val Kilmer
6700,A.J. Auxerre
4794,Illinois Fighting Illini men's basketball
7885,Mike Oldfield
1615,4th United States Congress
7878,contemporary hit radio
7290,Girish Karnad
3034,University of Geneva
6155,Satellite Awards 2007
4422,Romanian
7375,Ocean Software
2501,Bobby McFerrin
9144,AGOVV Apeldoorn
1326,FC Kallon
10937,Midnight Cowboy
3933,Don Messick
276,Port Arthur
1688,Sault Ste. Marie
5418,Alan Bergman
1565,Democratic Unionist Party
14071,George Abbott
11132,56th Academy Awards
12886,Martin Sheen
6857,Kuk Harrell
5066,programming
9952,Warren Feeney
13852,County Kildare
3697,Jeff Richmond
7955,Metal Blade Records
4118,Dutch
5804,William Petersen
484,Marcello Mastroianni
1963,Rachel Portman
12289,Sukumari
13397,Tuolumne County
4214,Stanford University School of Humanities and Sciences
6531,Casino Royale
11133,55th Academy Awards
1670,Keele University
8806,Edie McClurg
12446,parody
12594,Gertrude Stein
7977,Walt Disney Studios Motion Pictures
3990,Frank Sinatra
10983,Bengali people
10157,The Namesake
6838,Shilpa Shetty
12976,Art Garfunkel
954,Missy Elliott
2119,Comoros
2198,John Cassavetes
9418,Elias Koteas
11296,Wreck-It Ralph
8882,Santa Monica
11862,Alexander Pushkin
2503,Madagascar
13746,Fresno
9042,hyphy
1737,Santiago de Cuba
5984,Carter Bays
11866,Valve Corporation
11426,A Man for All Seasons
6260,HBO Films
12646,St. John's IceCaps
1679,Haruki Murakami
7786,Brian Grazer
8507,Plato
13671,Chesapeake
13339,Madison County
9220,Singapore
12719,L-Leucine
11138,Robert Altman
14076,Florence
18,Bremerton
10542,Paramore
9976,World War II
14448,Van Halen
1058,Rugrats
11535,Rabindranath Tagore
4177,white people
5352,Christchurch
4854,Portsmouth F.C.
7044,Johannes Brahms
4423,Urdu
13708,Luzerne County
936,baseball
9654,terrorism
8508,Polish
7593,Ad-Rock
3302,American Indian Wars
3647,BYU Cougars football
11135,1986 NCAA Men's Division I Basketball Tournament
14443,The Godfather Part III
1655,About Schmidt
14234,Aurora
3747,Los Angeles Film Critics Association Award for Best Actor
6172,Dinner for Schmucks
6416,Bill Mantlo
7087,Jamiroquai
6452,post-hardcore
2407,Striptease
2422,Connecticut College
3638,Lee Strasberg Theatre and Film Institute
6345,Sanjay Dutt
12699,Eddie Redmayne
1333,Celine Dion
171,Alan Jay Lerner
5325,New Trier High School
8801,Swedish American
2611,Interscope Records
10716,Norwegians
8800,Paul
5717,The Newton Boys
778,Eastbourne
12534,Scott Wilson
8531,Charles Band
8959,Port Elizabeth
2226,Newport County A.F.C.
12703,Alvin and the Chipmunks: Chipwrecked
3465,The Bodyguard
3889,Batman Beyond
4886,Brideshead Revisited
1050,Coimbatore
3434,New Line Cinema
5617,National Treasure
10447,Chandra Wilson
1634,27th United States Congress
8155,Rebecca Eaton
522,Julie Christie
5001,The Savages
9486,Sardinia
11192,Bloemfontein
1560,Mexican American
14240,Lake Forest
4926,Guardian Children's Fiction Prize
8997,Ron Carter
5492,The Cell
6475,Grammy Award for Best Boxed or Special Limited Edition Package
4514,Eritrea
2902,Static Major
9665,Chris Colfer
12365,For Your Eyes Only
12900,Durham
2178,James Hetfield
8870,Bob Bryan
3748,Chicago Film Critics Association Award for Best Actor
13842,Romford
9994,West Bank
8137,Albert Brenner
7241,New York University School of Law
8661,The Gathering Storm
5778,philosophy
7621,Italo disco
13007,Argentina
1542,Derek Jeter
11347,Lucca
11094,Rhodes piano
4916,Shrek Forever After
2077,Selma Blair
8119,David Healy
313,Wes Craven
8256,Toronto District School Board
3798,University of San Francisco
7578,EuropaCorp
12586,International IMPAC Dublin Literary Award
632,Men in Black
1110,Kingdom of Heaven
10514,Bandai Namco Holdings
6633,Iowa State University
13181,Norfolk County
14020,Quebec City
5937,He's Just Not That into You
8593,Betaine
5978,JoBeth Williams
2692,Timbales
4815,Eric Fellner
13188,Bruges
8051,Hayley Williams
12722,L-Arginine
2134,Klaus Badelt
6639,The Black Keys
2927,Ringo Sheena
7824,Boston University School of Law
3074,downtempo
10017,Welsh
5246,Boston College Eagles football
14087,Steven Wright
11035,National Heads-Up Poker Championship
9456,Priest
10570,Starter for 10
11872,celesta
1033,Norah Jones
5362,La Salle University
5886,Ghana national football team
9092,Swedish
13690,Hamilton County
12752,anthropology
14013,Orlando
10346,Michael Jackson
1188,Brisbane
8361,Oliver Stone
5595,Beloved
1412,Leo Strauss
2675,University of the Witwatersrand
14061,Camden
10999,MacArthur Fellowship
27,Racine
3490,Grammy Award for Best Instrumental Composition
4183,Alison Krauss
6055,Juelz Santana
105,instrumental rock
1416,Debbie Harry
11880,screenwriter
6026,Satish Kaushik
3351,The Lord of the Rings
7531,Phil Tan
11953,Star Wars Episode V: The Empire Strikes Back
1366,Bohemia
7870,Southern Gospel
4043,Mansfield Town F.C.
4093,Warner Music Group
7337,crossover thrash
14341,Bloomfield Hills
10650,A Room with a View
12189,Cecil County
12394,United States Naval Academy
6977,Ip Man
2165,Samsung Electronics
3485,Chet Atkins
533,The Jackson 5
7307,Oklahoma City Thunder
4352,Croydon
12029,Louisville Cardinals football
2459,Bury
9640,The Boondocks
4421,Turkish
13734,Wood County
13387,San Luis Obispo County
3930,Delroy Lindo
501,Lauryn Hill
2836,will.i.am
11438,The Music Man
8287,FC Rostov
10198,respiratory system disease
6522,Hiroshima Toyo Carp
2257,Scary Movie
8585,Judd Apatow
10219,Sneha
12038,Madison County
2246,Krautrock
10297,Assassins
8139,neuroscience
9173,Star Trek: Deep Space Nine
4319,Shohreh Aghdashloo
7345,Daytime Emmy Award for Outstanding Game Show Host
4955,Appleseed Ex Machina
296,George Miller
9490,Sunni Islam
6816,Anton Yelchin
6864,Finding Neverland
5719,Canada men's national soccer team
8990,Laxmikant-Pyarelal
7668,Walt Disney Animation Studios
2795,Cold War
7908,Minnesota Vikings
2676,Brooklyn College
7510,BAFTA Award for Best Actor in a Leading Role
2484,United Church of Christ
3291,Communist Party of the Soviet Union
5881,Joseph Stalin
11262,Gerald Ford
5757,Jeff Daniels
5333,Sire Records
8326,Rio Ave F.C.
11163,Dakar
9940,Venice Film Festival
9423,pundit
13598,Blue Note Records
5273,Ronnie Screwvala
12917,Justin Timberlake
12510,Scott Adsit
2980,Chiyoda-ku
13863,Tuscola County
7881,University of Delhi
12784,Guangdong
13872,doo-wop
424,Milla Jovovich
9768,Johnny Lever
10114,Zachary Taylor
515,1960 Winter Olympics
14497,Hope and Glory
11052,Rise of the Planet of the Apes
8118,Hearts and Minds
3242,Robert Iler
7463,Edge of Darkness
4498,soft rock
9300,Rhinestone
5065,Kiev
7697,Twilight Zone: The Movie
13078,Dallas Stars
8077,Mormonism
5295,Bruce Hornsby
6194,Ron Perlman
10786,Gary Ross
2250,There's Something About Mary
4474,UNK_3
11299,University of Southern Mississippi
6870,Pam Grier
12523,Leicestershire
8982,Robert L. Surtees
11819,Golden Globe Award for Best Animated Feature Film
4727,Powers Boothe
1589,A.S. Monaco F.C.
5720,Alpha Sigma Phi
2746,Axl Rose
11647,Michael Shamberg
6080,Collateral
6424,news program
14226,Valdosta
12097,Sioux
6972,John Sayles
8417,Harold Faltermeyer
1543,Royal Academy of Music
1809,Cy Coleman
14030,Liev Schreiber
12223,Tony Walton
11671,Election 2
11759,Umbria
11157,Salavat Yulaev Ufa
12842,64th Primetime Emmy Awards
8349,Backstairs at the White House
11616,Nord-Pas-de-Calais
2114,Colchester
4296,Melanie Griffith
8039,Politecnico di Milano
6510,I.R.S. Records
13884,Hancock County
9084,Spain
9281,The Turning Point
3750,FX
1483,Eastern Catholic Church
2378,MicroProse
13903,Allen County
5209,Enthiran
2883,Joss Stone
12329,melodica
302,Sean Combs
8710,John Krasinski
11481,Volver
14490,"Sandusky, Ohio"
6540,Scott Lobdell
13065,Dream Theater
5513,New England Conservatory of Music
9170,Schutzstaffel
540,Tiny Toon Adventures
6931,James Marsden
928,cooking show
3633,Frederick M. Zollo
934,Hiroshima Prefecture
7245,traditional heavy metal
3736,Matt Hubbard
1322,Baltimore Ravens
7887,Minnesota Twins
3376,Patricia Arquette
12929,Rangers F.C.
1116,War of the Sixth Coalition
6798,El Salvador national football team
6581,Israel
4479,Hayden Panettiere
7072,The Road
9733,Bryan Singer
11718,Leicester
7549,Delta Delta Delta
3500,Hispanic and Latino Americans
4285,double bass
3653,Theoni V. Aldredge
608,Ryan Adams
8328,Crispin Freeman
5303,Gregory Nicotero
11215,Mel Blanc
13866,Marquette County
10054,Martin Donovan
10342,The Price Is Right
6012,Richard Brooks
8503,performing arts
12580,"Academy Award for Best Writing, Original Screenplay"
1811,University of Connecticut
2025,substance-related disorder
4676,Eleanor Roosevelt
7458,lesbian
26,La Crosse
13466,St. Petersburg
11000,Nelly Furtado
10140,Slaughterhouse-Five
13067,Tex Avery
1194,University of East Anglia
9592,Super 35
11473,Las Vegas
10307,Yorkshire
2410,Lucy Lawless
13410,novella
10349,West Indies cricket team
8177,Carl Davis
12513,A Simple Life
8116,Get Him to the Greek
3948,Sydney Pollack
12095,36th Academy Awards
7972,Lawrence Bender
11022,Mao's Last Dancer
1449,University of Aberdeen
10862,Tony Award for Best Actress in a Play
3714,Cirque du Freak: The Vampire's Assistant
3599,Monk
10152,Julie Gardner
4397,Thilakan
8096,Jamey Sheridan
3458,Grammy Award for Best Classical Vocal Solo
1526,Joan Cusack
3330,Jimmy Smits
4494,Lap steel guitar
2007,Calgary Stampeders
3385,Emerson College
2366,Ipswich
14049,The English Patient
12222,Michigan State Spartans football
11101,Boman Irani
9603,The Godfather
11998,Warren County
5560,Fyodor Dostoyevsky
1015,Billy Corgan
11796,Audrey Hepburn
7530,40th Canadian Parliament
9389,Apocalypto
3103,Technical University of Munich
6794,Hope Davis
2078,Martin Landau
4692,Vigor Shipyards
6550,Peru national football team
9371,Master of Philosophy
5762,minister
10670,The Beaver
5888,Tunisia national football team
8125,The Colbert Report
2290,sound editor
10916,School of the Art Institute of Chicago
13138,anime
1361,University of Kent
4724,Michael Bolton
2456,Tamil people
2856,Stockton-on-Tees
10610,acoustic music
4147,Dublin
13660,Lynchburg
3549,Dena Higley
6565,Iowa
10194,John Seale
10041,Alice in Wonderland
94,Mrs. Brown
13980,Adriatic Sea
2414,John Astin
10190,Justin Chambers
693,Dwight Yoakam
8190,Neal Stephenson
9200,snare drum
12526,The Gay Divorcee
9213,The Siege
8083,Jeffrey Wright
1569,Harvey Fierstein
2529,Cincinnati
6781,Internal Revenue Service
1940,Elmer Bernstein
1727,glitch
10185,AC Horsens
12901,Glasgow
10283,2003 NFL Draft
11421,Weimar
6953,Centre College
1422,biathlon
9619,trumpet
1147,Superman
6503,Independent Spirit Award for Best Supporting Female
8114,Nazi Germany
6299,Dwyane Wade
1577,Tim Duncan
3282,Texas Christian University
6960,Early modern France
5588,Craig T. Nelson
6817,James Brown
13173,Barnstable County
11609,Heroes
13323,The Painted Veil
5546,Bulgaria national football team
2712,David Gilmour
7927,Van Nest Polglase
6608,Lewis Gilbert
13518,Apache County
12089,politician
5729,The Exorcist
11156,D. H. Lawrence
7365,literature
3737,Kay Cannon
12146,Jermaine Easter
7644,Lazio
5899,Southern soul
11688,The Commitments
6558,Yann Tiersen
5188,Yes Man
12690,Fred Quimby
1332,Newcastle University
3681,Christoph Waltz
8797,Pisa
8847,burgundy
8446,Get Carter
8200,Nairobi
8236,Sara Haines
7006,Steven Blum
11458,The Fast and the Furious
12117,Kingston upon Hull
8574,Pittsburgh Steelers
2687,Queen's University Belfast
13100,Frankenstein
13365,conch
6983,The Smurfs
2903,Liberty Records
1018,Gifu Prefecture
9369,Liga Deportiva Universitaria (Quito)
9196,Allen Covert
5202,Spain national football team
9377,Toby Jones
8036,The Legend of Bagger Vance
14236,Wheaton
9867,United States presidential election
1644,Talia Shire
1930,University of Massachusetts Amherst
11708,Hundred Flowers Award for Best Actor
4178,Loyola University New Orleans
779,jump blues
4524,Long Island University
3749,Billy Dee Williams
12541,Stirling
9111,Sarajevo
3105,Being John Malkovich
3493,"Grammy Award for Best Arrangement, Instrumental or A Cappella"
13537,Sussex County
5237,Falkland Islands
11282,Napoleonic Wars
4469,Angela Bassett
6790,Nana Patekar
2477,Wyclef Jean
9841,Evita
8483,Koei Tecmo Holdings
12755,Magic Mike
3454,Endemol
5810,Adam Baldwin
816,Hampshire College
52,A.I. Artificial Intelligence
2267,chef
6231,Henri Bergson
13565,Peabody Award
6226,Paul McCartney
9825,University of Cambridge
9141,Altrincham F.C.
7894,John Logan
8263,end
9013,Romani people
7057,Digimon Adventure
3901,Dave Brubeck
4049,York City F.C.
10623,Mark Berger
11371,West Ham United F.C.
7371,Domino
3724,Stephen Demorest
3679,Australia
11253,Psycho
10617,Jon Hamm
6307,homelessness
2183,Mandy Patinkin
14517,Anthony Hopkins
9121,Lisa Edelstein
10355,"Girl, Interrupted"
3271,goregrind
12464,Carnage
14057,Dana Carvey
5970,experimental music
13119,Kyrgyzstan
6091,Darren Star
11668,Albany County
9060,Robert Louis Stevenson
3124,Whanganui
4848,Joanne Coyle
11637,Ella Fitzgerald
6233,PFC CSKA Moscow
998,Tom Wolfe
5155,Shammi Kapoor
6322,Hal Smith
12896,True Lies
9582,Tanzania
5135,Bulworth
12159,Ulster County
9751,8 Women
8999,Jeff Moss
39,Jack Webb
3142,Falkirk
10415,Metropolitan Museum of Art
1435,Chandigarh
11228,Franz Schubert
13912,Kane County
7872,Indian Idol
6359,Screen Actors Guild Award for Outstanding Performance by a Stunt Ensemble in a Motion Picture
11139,Jason Reitman
14486,Hamilton
1468,Virgin Group
6487,Akira Kamiya
8194,Otis College of Art and Design
14427,maraca
5651,Artisan Entertainment
621,Chris Rock
5343,Seol Ki-hyeon
7976,Cris Collinsworth
1479,Viking FK
3288,Daws Butler
11821,Indian people
5299,Fields Medal
5128,F.C. Hansa Rostock
11938,New Haven
4031,Hartlepool United F.C.
803,Huntington
2309,Larry McMurtry
3155,Symantec
4760,England national football team
2327,Will & Grace
7882,Corpse Bride
1389,Grammy Award for Best Country Song
10021,Lars Hirschfeld
817,8 Mile
14183,Sunnyvale
1478,Ministry
7296,Simran
10013,Woodrow Wilson
5938,Sex and the City
10957,The Lost Weekend
2450,Laurie Metcalf
1931,LaGuardia Airport
13187,Roman Holiday
13875,London Borough of Newham
9077,Sam Elliott
13956,The Byrds
9167,Lionel Messi
788,Cobra
117,Ariel Sharon
11589,The Man in the Iron Mask
10877,The King and I
1806,Diane Ladd
10082,Naseeruddin Shah
2630,Betty Grable
5215,Freeform
6431,Tony Plana
3969,Loving
12424,Janet Jackson
6606,Rayo Vallecano
1856,Edmonton Eskimos
916,Bochum
6929,Herbert Ross
5391,ECW Hardcore TV
7686,metaphysics
11358,Fox Broadcasting Company
11141,Alyson Hannigan
9914,Voltaire
6253,Alex Borstein
14060,Adam Sandler
7571,Tony Award for Best Book of a Musical
11997,Chinese Civil War
10051,Gulshan Grover
11469,Allegany County
4340,Roy Thomas
12385,Kiel
5101,Grammy Award for Best R&B Instrumental Performance
11245,Billy Wilder
7160,Hamilton Bulldogs
9357,Windows Vista
6280,Hilversum
13390,Santa Clara County
493,British Columbia
13479,Maui County
6196,The Wrestler
13043,Detroit Pistons
5554,Union Theological Seminary
9799,Naya Rivera
11298,West Side Story
3700,505 Games
6860,Amelia
4179,Moe Howard
5220,Peter Jacobson
1675,young adult
13627,Waukesha County
2967,Middlesbrough
10255,AT&T
5734,Guinea
2818,Columbia University
5553,Dirty Dancing
14424,Acadia University
11932,Colorado Buffaloes football
14080,Australian Labor Party
12593,Selena Gomez
13207,Baldwin County
11724,Wiltshire
8960,Taiwan
9550,Olympiakos Nicosia FC
4595,electrical engineering
4552,Euro
8180,The Jacket
4283,Portland
82,Argyll and Bute
14496,Rain Man
9440,capric acid
929,banjo
10417,FC Chornomorets Odesa
3306,Mike Leigh
2163,Jamie Cullum
9555,trombone
11845,Atromitos F.C.
12110,Viju Khote
3160,Bulawayo
4691,"Grammy Award for Producer of the Year, Non-Classical"
3799,2006 Major League Baseball season
9961,Victoria University of Wellington
8441,U.S. Cremonese
11804,Darmstadt
2628,Astralwerks
3397,County Monaghan
8022,Campbell Scott
6062,United States Conference of Catholic Bishops
5124,Greater St. Louis
13529,Hartford County
10146,2001: A Space Odyssey
10633,Israel Defense Forces
12674,Hyde Park on Hudson
4122,Alyson Stoner
5570,Richard Wright
11305,surgery
38,University of Ottawa
11286,Manhattan
1436,"University of California, Santa Barbara"
13038,Washington Wizards
11047,Buster Keaton
13796,Hunterdon County
12273,Metz
8906,Robert Byrd
8796,music video director
7190,F.C. Metz
14036,Vicenza
4246,MTV Video Music Award for Best R&B Video
2666,Cameron Crowe
5689,shooting guard
5532,Last Action Hero
10328,Bucharest
8689,Perl
8143,Jeremy Sisto
12688,Southwest Airlines
3393,Lisa Gerrard
3601,Racing de Santander
4164,Kyle McCulloch
2702,Adolph Green
10628,60th Berlin International Film Festival
3077,Taj Mahal
1960,Belfast
4082,Josh Groban
13370,Somme
6780,We Were Soldiers
7037,Joseph Campbell
4738,Jeff Probst
8829,Shochiku
8945,Sara Ramirez
10715,Gale Anne Hurd
1419,Edie Falco
10784,United States House of Representatives
5205,progressive house music
3389,Andy Serkis
12250,Newcastle United F.C.
7741,Idris Elba
12742,Algeria
12738,Mindy Kaling
4523,television director
7418,Malaysia national football team
9548,technology
12491,Man of Steel
5987,Eagle Eye
759,Quills
8101,New Brunswick
3863,Kevin O'Connell
2390,Forbes
7695,Monty Python
708,Simple Minds
1046,Ellen Burstyn
125,Franchot Tone
2606,Cree Summer
13451,Sonora
69,Life Is Beautiful
793,Virginia Commonwealth University
6282,Helsinki
3157,Stanford
12645,G.I. Joe: Retaliation
11079,Lawrence of Arabia
3560,Stuyvesant High School
11678,Kill Rock Stars
10790,Phil Vischer
4753,production designer
4413,Bob Marley & The Wailers
13750,Anatomy of a Murder
8773,Frances Marion
6706,Fueled By Ramen
10575,The French Lieutenant's Woman
11408,Leslie David Baker
1555,domestic partnership
1068,Botafogo F.R.
2155,cheese
6192,Mehmood Ali
160,Auckland
8437,Operation Barbarossa
12295,Antwerp
12236,Rick Wakeman
12843,69th Golden Globe Awards
521,University of Kansas
10334,bread
8071,Carrie Underwood
6099,Jules Dassin
3536,psychedelic music
8678,67th Golden Globe Awards
9085,Mark Kirkland
4308,Vijay Anand
8868,Andrew Lau
8265,North Africa
12812,Ronaldo
11576,John F. Kennedy
7060,Gillian Spencer
3868,Anurag Kashyap
2544,University of Delaware
1926,Mick Jagger
4562,Wes Anderson
224,Liberal Party of Canada
2583,drug overdose
9063,FC Thun
10361,Istanbul
4989,2004 Major League Baseball draft
8844,Old gold
9356,San Diego Padres
6880,Puerto Rico Islanders
6768,Slovenia national football team
5233,Frank Lloyd Wright
1791,crimson
7016,Jared Harris
7842,Michael Lerner
2995,Pat Morita
24,Parkersburg
12139,Georgetown
10672,UNK_21
13032,Zhang Ziyi
5440,Graham Holdings Company
13099,Easy Rider
2017,Sam Bush
7867,David Rasche
1299,Grammy Award for Best Rock Performance by a Duo or Group with Vocal
8215,Robert Benton
10457,Jodhaa Akbar
1165,Indore
6912,Pohang Steelers
5457,TriStar Pictures
10010,Stade de Reims
4338,"California State Polytechnic University, Pomona"
10634,Screen Actors Guild Award for Outstanding Performance by a Cast in a Motion Picture
5115,audio engineer
7850,Chris Penn
7817,Liquid Metal
4281,Basic Instinct
7821,Piranha 3D
10363,Malayalam
745,Nepal
11865,Fremont
6016,Mobile Suit Gundam SEED Destiny
2296,chemist
6409,Hellas Verona F.C.
12306,North Carolina FC
2019,Pampanga
9302,Heather O'Reilly
11752,This Means War
11319,Deep Purple
2614,Jonathan Pryce
5968,television special
7988,Mainz
8771,Grown Ups
4900,winger
4713,Kathy Griffin
1643,Louise Fletcher
1193,gastroesophageal reflux disease
8758,The Chronicles of Narnia: Prince Caspian
4936,Edward Elgar
5081,playback singer
10508,Montevideo
7490,Lake Superior
3099,Watford
8682,TheCoolTV
373,University of Liverpool
8227,Nobel Peace Prize
2739,Bo Diddley
7779,Sam Rockwell
7331,1997 Major League Baseball draft
2142,Steve Coogan
7804,Miguel de Cervantes
3053,Michael Kamen
3582,Stargate Atlantis
12748,Peter Morgan
3751,University of North Dakota
6104,FC BATE Borisov
4110,Yale Law School
10745,Rapid City
3555,Trey Anastasio
1754,Farrah Fawcett
3625,LSU Tigers basketball
13538,Flint
104,Eddie Izzard
9210,Samoa
8964,Billy Bletcher
2415,University of Arkansas
14015,emo
1944,Keira Knightley
8425,Order of the Elephant
2097,David E. Kelley
3462,Grammy Award for Best Classical Album
8841,Jennifer Morrison
399,sepsis
6873,Speed 2: Cruise Control
11859,Les Claypool
4363,Grammy Award for Best Musical Theater Album
12423,The Path to 9/11
10700,Melvin Frank
5608,Chile national football team
5437,Earlham College
28,Lily Tomlin
14202,Naples
10645,Fleetwood Town F.C.
10551,anthology series
3810,My Big Fat Greek Wedding
2008,RuPaul
3663,Grammy Award for Best Compilation Soundtrack for Visual Media
8399,David Tennant
10859,FC Karpaty Lviv
9965,Menahem Golan
12651,Michelle Pfeiffer
11370,executive producer
1822,Sally Field
4678,Matthew Modine
1847,Basel
7803,Clint Howard
13556,Sarah Jessica Parker
1748,Steven Curtis Chapman
7240,F.C. Crotone
819,Mighty Morphin Power Rangers
11470,Washington County
12930,Angola
46,Bill Finger
3267,Edward Dmytryk
7265,Mako Iwamatsu
3197,Meredith Vieira
741,Happy Days
2750,India.Arie
6647,Vanguard Records
5030,Denmark national football team
10949,Everyone Says I Love You
9329,Galatasaray S.K.
1032,cartoonist
2890,Jamie Foxx
14136,Yuma
390,Nottingham Forest F.C.
3044,OCAD University
6924,Atlantic Time Zone
1951,France national football team
9081,hospitality
10398,Harry S. Truman
12746,Leonard Dick
14349,Pontiac
14488,Springfield
5535,Jessica Biel
13288,Butte County
4241,MTV Video Music Award for Best Art Direction
14032,Hamlet
4814,pharmaceutical industry
2899,Billy Idol
3156,finance minister
9123,The Life and Death of Peter Sellers
4534,German-Soviet War
9337,Sonic Youth
2131,Iran national football team
10940,The Best Years of Our Lives
13347,Pan Am
5866,Hal B. Wallis
1765,Bristol Rovers F.C.
3761,Tonino Guerra
7871,Cinderella Man
4680,Boys Don't Cry
9527,University of Ibadan
11011,Zetima
6844,World Fantasy Award for Best Short Fiction
13625,Fond du Lac County
6356,Rhys Ifans
10771,Bursaspor
10072,Xerox
14002,Damon Albarn
7158,Fender Precision Bass
3285,Central Saint Martins
8742,Paul Feig
3670,Frederick Johnson
10251,Satish Shah
8239,Norwegian
9827,University of Oslo
11965,And Starring Pancho Villa as Himself
5702,Nicollette Sheridan
14375,The Matrix Reloaded
1831,art history
859,College of William & Mary
236,Trinity Hall
6840,creative writing
4495,El Salvador
9413,PFC Lokomotiv Sofia
7771,Sabrina
6855,John Lee Hooker
10366,Broadcast Film Critics Association Award for Best Film
9414,60th Academy Awards
10974,Night at the Museum
774,Small Soldiers
4956,Sports Illustrated Sportsperson of the Year
617,Stevie Ray Vaughan
7401,Libya
9459,Warner Bros. Interactive Entertainment
5182,Skyfall
530,Roddy McDowall
9991,war film
7202,VfL Wolfsburg
9997,Club Libertad
8066,Eli Roth
7827,Ironclad
8280,2005 NCAA Men's Division I Basketball Tournament
11974,Academy Award for Best Actor
10707,Chris Patton
13896,Johnson County
11648,Frank Gehry
5862,Haiti national football team
12577,Alec Guinness
2442,De La Salle University
4132,A Bug's Life
5879,Virgin Interactive
106,Ja Rule
535,Bernard Hill
3403,FC Schalke 04
11877,Christopher Wren
8158,Vilmos Zsigmond
11107,Kerala
2453,testicular cancer
232,Michael Redgrave
474,National Park Service
11856,Kate Winslet
372,apple
1173,Target Corporation
12290,A Simple Plan
2556,Chelsea
265,Youngstown
6942,Southern Lord Records
4013,Michael Gough
8130,Leslie Dilley
6347,Irrfan Khan
11583,Christine Vachon
44,A.C. Milan
1875,brass instrument
6067,George Gershwin
9783,Rap Rock
9380,Sam Simon
11827,Armageddon
10123,ZZ Top
14148,Compton
12418,Academy Awards
7860,Japan Academy Prize for Director of the Year
9279,St. Louis Blues
11050,Sharon Stone
2266,Adam West
1504,KC and the Sunshine Band
2275,Amy Winehouse
7581,Tom Fontana
6102,FC Dinamo Tbilisi
1605,Carinthia
4698,crossover
9382,Kevin Michael Richardson
6293,The Muppet Movie
8576,Philadelphia Eagles
1349,Burnaby
10893,Sugar Hill Records
1085,Demi Moore
699,master's degree
8195,Bath City F.C.
5310,America's Next Top Model
1724,autoharp
14397,gothic rock
8333,Nashville
10228,Backbone Entertainment
4190,In America
12878,Nottinghamshire
2525,Hitchin
4601,Edgar Allan Poe
12166,Wuthering Heights
1071,Sociedade Esportiva Palmeiras
5283,Grammy Award for Best Metal Performance
13467,Queens Park Rangers F.C.
10064,Williams F1
2547,A Fish Called Wanda
10658,Hong Kong Film Award for Best Action Choreography
8406,Julian Fellowes
603,Uriah Heep
10506,hepatitis
12669,Anna Karenina
5930,Little Women
9412,61st Academy Awards
2282,Viggo Mortensen
2133,Jeremy Clarkson
10887,Primetime Emmy Award for Outstanding Lead Actress in a Drama Series
13481,salsa
9140,Spike Jonze
14524,Dumfries
3691,TV Asahi
1214,Bali
13159,Roanoke
7221,Kansas City Royals
5329,Kate Greenaway Medal
1381,colorectal cancer
2624,Rory Gallagher
14247,Rock Island
6405,Robert B. Sherman
14324,Gloucester
4563,North Carolina Agricultural and Technical State University
11674,multiple sclerosis
9162,A Prairie Home Companion
7638,Gran Torino
11529,William Travilla
3809,commissioner
13617,Haute-Savoie
7294,A.A. Argentinos Juniors
2915,Dr. Luke
14479,University College
1964,Tom Scott
2488,Queens' College
662,Sam Waterston
4531,UTV
10948,Charles M. Schulz
66,Good Will Hunting
10938,Dustin Hoffman
1797,"University of Nevada, Reno"
207,West Yorkshire
5086,Joel Grey
6483,Casablanca Records
10132,19th century
6571,Intel
10971,Ljubljana
331,afrobeat
7783,Middle East
12941,Mysore
10678,special effects supervisor
6179,Hugh Jackman
1290,boxing
10912,children's film
9812,Ukraine
5647,Chris Weitz
8365,AIA Gold Medal
6190,Arkansas Razorbacks football
8791,Why We Fight
4869,"I, Robot"
6766,Brittany Snow
9919,Victoria
4526,Kraft Foods
12613,ParaNorman
5748,Grays Athletic F.C.
10061,Whitney Houston
5916,Irish people
12408,Ve Neill
3507,astrologer
1051,Buffalo
10654,Prakash Raj
1434,Fukushima Prefecture
7322,Golden Globe Award for Best Screenplay
2852,Armando Iannucci
11106,Laurence Olivier
10590,Charlie Wilson's War
6304,Beloit College
5613,Mizrahi Jews
13240,American Civil War
5882,Panama national football team
9291,Steve Jobs
3445,Jayne Mansfield
5350,The Love Guru
5356,Maccabi Tel Aviv B.C.
13662,Lexington
4755,Famke Janssen
12701,L-Valine
5222,French Army
14372,aesthetics
1568,Thunder Bay
9381,Hapoel Tel Aviv F.C.
8254,Bryan Cranston
12205,Port-au-Prince
4289,"The Adventures of Priscilla, Queen of the Desert"
6803,Ira Gershwin
9938,2K Games
3980,figure skating
8283,New York Giants
14374,Bozeman
7227,Ian Bannen
8153,Rory Albanese
3318,Nicole Richie
13004,Antarctica
10224,Amazing Grace
3757,National Board of Review Award for Best Actor
5919,Butler University
12939,Alicia Silverstone
10252,for-profit education
6117,Anthony Horowitz
8360,1965 Major League Baseball season
13731,Deschutes County
10025,War of the Spanish Succession
5632,Anaconda
206,Carole King
13851,Jackson County
8722,American Academy of Dramatic Arts
12181,Drenthe
13934,Pulaski County
11937,David Niven
11082,University of North Carolina at Chapel Hill
13400,Wuhan
4151,Martin Clunes
14405,Bayonne
5802,Shatrughan Sinha
12681,Walter Matthau
13793,Monmouth County
12852,Burlington
2050,Mychael Danna
433,Dio
4566,Ivan Reitman
10774,Dover
7350,The Shining
4440,Mark Gatiss
12622,Nantucket
3829,Queen of the Damned
7438,Toy Story 3
7574,Central Coast Mariners FC
8241,Northern Territory
7346,Kosovo
14310,Monroe
30,Faith No More
2193,SV Wacker Burghausen
1498,Christian hip hop
12572,Academy Award for Best Supporting Actress
1790,Blues Brothers 2000
9517,FC Erzgebirge Aue
4813,Eurovision Song Contest
3741,dentistry
10264,Aruna Irani
7433,Lebanon
5040,Hednesford Town F.C.
95,indie rock
14352,Arizona
12469,Dobro
5386,National Board of Review Award for Best Actress
9296,Shonda Rhimes
2814,Gloria Estefan
2552,Louis Malle
8719,Wong Jing
12937,Buffalo Sabres
1204,Torquay United F.C.
4342,Rush Hour
3713,Burn After Reading
13549,boarding school
2897,20th-century classical music
8075,Michelangelo
6938,acoustic guitar
12521,Doctor Zhivago
10647,Screen Actors Guild Award for Outstanding Performance by a Female Actor in a Supporting Role
5870,Johann Sebastian Bach
2921,ECHL
101,North Yorkshire
7969,malaria
11016,Tony Award for Best Featured Actor in a Play
12958,Florida Panthers
3190,Laura Linney
10180,James LeGros
7080,Kinsey
8557,theatrical producer
2896,Harvard Medical School
14277,Kiss of the Spider Woman
2158,Cameroon
1065,Anne Baxter
3769,Preston North End F.C.
12226,San Salvador
300,Mae Whitman
6169,Looney Tunes: Back in Action
9814,United States Congress
4071,Hull City A.F.C.
2881,Rosanna Arquette
7310,FC Alania Vladikavkaz
9199,PAS Giannina F.C.
2244,heart arrhythmia
9760,Torino Football Club
11905,Richmond
8376,Dutch people
12382,Electorate of Saxony
11848,39th Academy Awards
63,Shine
8519,piano
7591,Long Island
2829,Buckethead
9155,Scotland
5502,Grammy Award for Best World Music Album
5796,Gioachino Rossini
584,David Hasselhoff
10781,War and Peace
9705,Boaz Myhill
13068,American Revolutionary War
6827,Locus Award for Best Fantasy Novel
5117,Saint Louis University
978,Lebanon War
3744,Herbert Lom
5043,Duquesne University
76,Outkast
2537,Mangalore
13666,Fauquier County
8423,Michael Rapaport
409,You've Got Mail
4026,A.F.C. Bournemouth
11195,40th Academy Awards
3174,Colin Powell
8229,Golden Raspberry Award for Worst Director
5911,Role Models
7325,Sicko
13066,Mark Mothersbaugh
9251,Philip Yordan
8560,ABC Afterschool Special
4050,Burton Albion F.C.
4695,Along Came Polly
14355,Dearborn
5541,Russia national football team
3214,cornet
13804,Burlington County
2753,Meat Loaf
5903,The Fabulous Baker Boys
8865,minimal techno
4938,Foo Fighters
11261,Memphis
11625,X-Men
3098,cross-country skiing
4957,promoter
2382,Chariots of Fire
8640,Melora Hardin
6786,95th United States Congress
8813,RB Leipzig
3541,Dr. No
5760,University College Dublin
2618,Irem
12148,New Year's Eve
1306,Polydor Records
2169,Brian Austin Green
1742,Gabriel Byrne
13774,Cass County
12626,Pfizer
5829,Deadwood
2805,Kate Bush
5894,Harold Perrineau
14321,Fall River
3718,Northern Ireland national football team
10298,Sparta
12676,The Flowers of War
6380,Robots
988,Dave Matthews
13162,Ewan McGregor
4606,E!
4144,Aligarh Muslim University
11254,Clark Gregg
272,Plano
4985,Panserraikos F.C.
3037,Royal Canadian Air Force
7327,Arthur Wong
305,Mushroom Records
12836,Global Television Network
12546,The Lives of a Bengal Lancer
2539,The Faculty
7544,Louisiana
11271,Orange County
8609,psychedelic rock
5753,Greater London
1839,Wesleyan University
5477,Ian La Frenais
3687,New York University Stern School of Business
7336,Sons of Anarchy
2566,state senator
12175,John DeCuir
12914,Aruba
14150,Downey
231,San Francisco State University
8230,National Aeronautics and Space Administration
4487,Matthew Fox
1471,Jive Records
14521,Muskogee
10903,Another Year
10792,Prem Nath
2904,Oliver Reed
2125,Columbia River
7002,Marcia Cross
12427,Primetime Emmy Award
3826,Joseph L. Mankiewicz
7920,Richard Day
7675,MTV
13427,1968 Summer Olympics
7285,Rambo III
1667,30th United States Congress
4012,Jim Cummings
12340,Honshu
10374,Linus Pauling
298,Don Rickles
10338,Cambridge
13082,San Jose Sharks
1067,Austrians
13385,San Joaquin County
13248,Discovery Channel
2751,Enya
12207,Rabat
11086,Brooke Shields
12234,Tunis
6879,J. R. R. Tolkien
13563,Armstrong County
10210,Jeri Taylor
5480,College of Wooster
9352,space opera
3018,Nondenominational Christianity
14302,Adam Smith
13939,Tom Jones
1610,Roxbury
456,Star Trek VI: The Undiscovered Country
6127,Dane Cook
7043,Cantonese
3427,India national cricket team
12225,Florida Gators football
3265,International Cricket Council
13380,Nevada County
7868,The Simpsons Movie
2656,Barry Levinson
13131,Michael Moore
8926,Jazz piano
11191,Raphael
12855,Franz Liszt
374,puppeteer
4217,disc jockey
4376,1927 Major League Baseball season
10192,Wyatt Earp
5080,industrial metal
1457,Back to the Future Part III
5025,Tropic Thunder
11775,Daffy Duck
1836,Stephen Harper
9262,Samuel Beckett
9286,Eureka Seven
6664,2000 Cannes Film Festival
9773,Tours
13613,Los Gatos
10538,Nord
1095,Gaumont Film Company
12396,University of Virginia
2603,Saint Mary's College of California
11843,Toshio Furukawa
2729,Marilyn Manson
3405,Dennis Cromwell
14510,Mansfield
1905,Warren Zevon
9091,statistics
10591,brown
157,Raquel Welch
9340,Gaslight
2593,David Kaye
4991,Zack and Miri Make a Porno
9774,Paranormal Activity
2646,University of Wales
12362,BBC
233,Serj Tankian
13338,American University
10704,The Next Best Thing
167,Myrna Loy
6579,Iran
2688,Freddie Mercury
4740,Chris O'Donnell
460,Cynthia Nixon
8351,dean
1376,Anne Bancroft
278,Midland
2252,Mira Sorvino
9057,Sweden women's national association football team
3353,Sri Lanka national cricket team
5203,Victor Young
4666,University of Denver
1417,The Black Eyed Peas
13888,Jefferson County
10098,U.S. Grosseto F.C.
9400,David Cross
2432,Leicester City F.C.
6134,KYMX
1756,Waukesha
4919,Genie Award for Best Achievement in Sound Editing
13765,"Beverly Hills, 90210"
8481,Golden Raspberry Award for Worst New Star
7964,Brendan Gleeson
12987,Atlantic Canada
7690,Mike Mills
2871,Busta Rhymes
4312,Irish migration to Great Britain
13219,Anaheim
7546,Barry Pepper
2505,Atari Games
4159,Edmund A. Walsh School of Foreign Service
1902,Holly Hunter
14444,Bronxville
9594,Tunisia
846,Capitol Records
7663,Lois McMaster Bujold
2760,DMX
9225,Steven Soderbergh
12563,Nagoya
11312,Kinshasa
1749,fatigue
8761,Scotch-Irish American
1529,Chicago Hope
1311,2003 invasion of Iraq
9609,Twin Peaks
1692,Helen Mirren
6656,Olympique Lyonnais
5587,Larenz Tate
9000,Rotterdam
1182,bishop
9175,Star Trek: Enterprise
12873,King Vidor
12023,Whoopi Goldberg
9916,John Melfi
9364,Ben Foster
8141,WWE Superstars
1227,civil engineer
13426,1972 Summer Olympics
8704,Pablo Picasso
7744,Ben-Hur
12171,BIFA Award for Best Performance by an Actress in a British Independent Film
12618,The Lady
10378,Boise
13182,Plymouth County
13110,Palm Beach County
12341,Hiroshima
4569,Aichi Prefecture
11939,Louisville metropolitan area
5758,Gottfried Wilhelm Leibniz
3045,Clea DuVall
11291,Grand Teton National Park
12034,cabbage
14328,Newburyport
792,Harold Lloyd
3567,Fredrikstad FK
6592,Grammy Award for Best Rap/Sung Collaboration
3496,Kingdom of Scotland
5170,The Orphanage
14241,Waukegan
4535,Western Front (World War II)
11627,Padua
12609,Phil Spector
11622,Groningen
14467,Hertford College
13296,Greater Manchester
8993,Rio de Janeiro
13733,Oklahoma County
14215,Lakeland
1362,Aylesbury
4238,MTV Video Music Award for Best New Artist
1317,National Taiwan University
14131,Glendale
12294,drag queen
799,Dire Straits
11014,Drew Goddard
13352,Brandeis University
7946,Hayao Miyazaki
2738,Dionne Warwick
1923,Lorenzo Music
14429,Malay
11301,Om Prakash
7634,Heather Mitts
7244,2009 Toronto International Film Festival
10966,Elizabeth Taylor
4269,Grammy Award for Best Traditional Gospel Album
12020,Hal Mohr
6460,Daylight
6006,Bhubaneswar
7765,Shia LaBeouf
3486,Kelly Clarkson
11401,Oscar Nunez
11129,41st Academy Awards
14007,Jerry Herman
1746,Jonny Lee Miller
1284,Newbery Medal
3532,secondary school
7559,garnet
12869,Jessica Lange
11785,Lyon
4496,VfL Bochum
4325,Frank Welker
10803,The Late Shift
1865,Sevilla FC
10635,Screen Actors Guild Award for Outstanding Performance by a Male Actor in a Supporting Role
8604,pianist
9549,PFC Lokomotiv Plovdiv
12641,Think like a Man
10767,Dreamgirls
13153,electro house
12889,Tottenham Hotspur F.C.
11040,Paul Lieberstein
12628,Extremely Loud and Incredibly Close
9052,Carl Foreman
6976,Recount
11230,asthma
9832,The Assassination of Jesse James by the Coward Robert Ford
7340,Kansas City
417,Bonn
3132,Bolton
1166,Mandy Moore
9218,John Ruddy
11297,To Kill a Mockingbird
14459,Jesus College
8598,2005 NFL Draft
8089,North America
3319,Cesar Romero
2841,church
7701,Erika Christensen
2236,Jenny Agutter
9078,David O. Russell
13265,Julie Andrews
1621,10th United States Congress
6788,First War of Indian Independence of 1857
13245,Guildford
7110,Gold Coast United FC
1239,Jharkhand
12851,Yeshiva University
9147,San Francisco Bay Area
10620,Saw III
13551,Pulitzer Prize for Biography or Autobiography
11820,64th Golden Globe Awards
6634,Iberian Peninsula
4187,Detroit Tigers
11062,East India Company
3603,Latin Grammy Award for Song of the Year
5586,Diane Kruger
6328,Washington Nationals
5148,halfback
7085,Ronald D. Moore
3466,Jason Mraz
14394,Manchester
8792,Grey Gardens
13759,Mahoning County
11042,Angela Kinsey
4945,2007 Major League Baseball draft
6715,Downfall
513,Southern rock
3480,Joe Roth
4543,Ralph Bellamy
1280,Counting Crows
7866,psychedelic soul
5705,Gibraltar
13920,Gwinnett County
4683,TVT Records
1441,Woodlawn Cemetery
12632,Winnipeg Jets
12334,Aasif Mandvi
1691,Arthur Q. Bryan
14318,Salisbury
13465,Real Zaragoza
11520,Cuba
5806,Los Angeles Unified School District
11995,FC Anzhi Makhachkala
10875,Tony Geiss
11502,Canterbury
11317,drum machine
10823,Mexico
11943,Galveston
5599,Lethal Weapon 4
11606,Edward Kitsis
1838,Annie Lennox
1659,James A. Michener
3699,Get Smart
14415,Morristown
5118,Astrid Lindgren Memorial Award
7320,Jaws 3-D
11232,Pavia
7622,Harry Gregson-Williams
8435,Ellen Pompeo
8065,She's Having a Baby
9655,Taliban
12678,Wigan
11515,Ross Turnbull
10713,The Time Machine
10285,8th Screen Actors Guild Awards
14442,Ghost
4626,Ernest Rutherford
14531,Reading
12948,Newcastle upon Tyne
7633,Louis XIV of France
13623,Park County
6773,Fight Club
4344,University of Houston
13680,Denton County
8812,Secretariat
1718,Blackpool
856,Columbia Pictures
10838,1990 NCAA Men's Division I Basketball Tournament
11404,The Cat in the Hat
8730,Entercom
6750,Sutherland Trophy
9397,Ray Wise
9047,Crash
5150,Shirley Ann Russell
10897,SV Wehen Wiesbaden
1646,Portland State University
7412,Joey Fatone
7233,The Aviator
9282,Serbo-Croatian
11097,Heat
7024,Richard Benjamin
2354,Mischa Barton
8537,South Sudan
13788,Cheshire County
5384,Frankfurt
11070,New York University
9758,Tom Cruise
777,Marlborough College
10552,2002 Winter Olympics
3598,Katrina Bowden
6911,FC Seoul
12807,John Cage
3712,Northampton Town F.C.
1551,Middlesex University
3790,Fordham University
14160,Salinas
2085,stomach cancer
3518,sodium
11290,David Dhawan
7773,Edward Burns
2028,Dancer in the Dark
10582,Malaysia
13003,Liguria
11049,The Dark Knight
551,Pune
583,Belize
9959,Virginia Woolf
14522,eBay
7715,Tommy Boy Records
6369,Anna Gunn
10512,musician
4901,defenceman
4418,Winchester
12213,Michigan Wolverines football
4466,Mary McDonnell
2832,Fred Frith
9967,Avex Trax
14220,Algiers
4007,Dialogue editor
53,Kiss
5426,Max Martin
10381,Nordic combined
8163,J Records
8404,Eddie Selzer
263,High Point
6387,FC Metalurh Donetsk
8178,Nigeria
6229,Anil Kapoor
5797,Greek American
1013,Jane Wyman
1162,Matt Stone
2258,Harold Ramis
1298,Grammy Award for Best Female Rock Vocal Performance
10732,The Piano
6217,K. Balachander
631,Anthony Perkins
3374,Dilip Kumar
8487,Gulzar
11206,BBC HD
13000,Viking metal
6523,theater
11956,Dean Cundey
10755,FC Kryvbas Kryvyi Rih
1862,Lara Flynn Boyle
1357,Ry Cooder
10450,Bob Hamman
3505,iron
12511,The Hunger Games
8135,Marvin March
5736,Guinea-Bissau
1881,Daniel Lanois
2645,Robert Taylor
13422,chamber music
11691,Star Wars: Episode I – The Phantom Menace
10040,wind instrument
9471,Jessalyn Gilsig
14264,Tress MacNeille
8692,MTV Movie Award for Best Movie
9419,Mary Elizabeth Winstead
8182,Family Plot
2331,Stephen J. Cannell
9729,Vince Grella
7155,Kyle MacLachlan
9564,Tasmania
3079,Sidney Sheldon
12813,38th People's Choice Awards
655,jam band
6183,Nat King Cole
1550,Takeshi Kitano
11682,piracy
8843,Peter David
12740,UNK_24
9849,"University of California, San Diego"
4890,Genie Award for Best Achievement in Art Direction/Production Design
6965,Jeetendra
7902,Methodism
6814,Syrianska FC
14339,Muskegon
5424,McNeese State University
11986,Franklin County
14516,Norman
6193,Rose Byrne
61,Fargo
8895,Qing dynasty
3513,phosphorus
10615,Waylon Jennings
7289,Jackass: The Movie
13102,folk metal
568,Bangladesh
4682,Garry Marshall
13368,alto flute
155,Upper Austria
4040,Kidderminster Harriers F.C.
7743,The Alamo
5340,Chris Pronger
7130,music executive
10143,Magical Girl Lyrical Nanoha
3966,You Can Count on Me
6156,Robert F. Boyle
1426,Richmond
5959,Primetime Emmy Award for Outstanding Writing for a Comedy Series
9601,Alexander Golitzen
14489,Lakewood
8208,Bob Gunton
1936,Nagoya Grampus
5217,Demi Lovato
3129,English studies
2718,Eminem
5097,Kal Ho Naa Ho
1916,Leon Russell
14503,Driving Miss Daisy
2621,Tim Armstrong
8871,Mike Bryan
7138,association football manager
9307,South Carolina
12549,Sapporo
811,Ayumi Hamasaki
7064,An Education
8490,82nd Academy Awards
1840,San Jose Earthquakes
2678,Victor Hugo
14303,Covington
11818,Cayuga County
7503,California Department of Parks and Recreation
11218,Calabria
13171,avant-garde
3483,Fox Searchlight Pictures
500,American Recordings
11772,sumo
12706,Bette Davis
13979,Breaking Away
3292,University of Louisville
14042,Evanston
1354,Grammy Award for Best Hard Rock Performance
10141,Glam punk
8690,MTV Movie Award for Best Scared-As-S**t Performance
13544,Baden-Baden
10899,Michael Tollin
10870,David Greenwalt
7812,Mao Zedong
4504,palmitic acid
9430,Scottish National Party
4452,entertainment
5539,Troy University
7040,Alfie
1772,Nathanael Greene
8157,Jeremy Piven
7893,Emma Roberts
14525,Paul Giamatti
2345,Florida Keys
428,Richard Dreyfuss
11375,Sailor Moon R: The Movie
10308,Roger Savage
8297,Calcio Padova
2364,Indiana University Bloomington
6853,81st Academy Awards
12054,Schenectady
571,Barbados
3690,Q16154753
5454,Dave Foley
12864,Broadcast Film Critics Association Awards 2011
14230,Champaign
845,Benny Andersson
5045,Nathan Fillion
10843,neo-psychedelia
10023,William S. Burroughs
11144,Executive Office of the President of the United States
5366,74th Academy Awards
13491,crime fiction
13489,Allen Ginsberg
7127,3 Idiots
13403,Lancaster County
13819,Cass County
2494,Vince McMahon
11143,live action
7169,The Criterion Collection
1652,Nora Ephron
6085,Giovanni Ribisi
10240,Stephen Graham
8679,Princeton University
9907,Vittorio De Sica
7823,Missouri
75,Cries and Whispers
3431,Rick James
5011,Twelfth Night: Or What You Will
14004,Bobby Darin
11852,Leonard Cohen: I'm Your Man
12835,New York Rangers
3201,Lars Ulrich
10022,The Prestige
12680,Warren Beatty
5307,Sunil Dutt
14400,Teaneck
13440,1960 Summer Olympics
6022,Giuseppe Verdi
13091,Montpellier
3025,Chicago Bears
14142,Chico
96,Perth and Kinross
10967,On the Waterfront
12450,Gramercy Pictures
5429,"Hempstead (village), New York"
12565,Kanagawa Prefecture
3019,Paul Reiser
9285,FK Khazar Lankaran
12369,Snow White and the Huntsman
11053,Ava Gardner
1288,Elektra Records
11289,Sebastian Krys
13712,Fayette County
5799,Pakistan national cricket team
2239,Kate Moss
9755,David Newman
5845,id Software
7856,FC Volga Nizhny Novgorod
3535,Universal Studios Home Entertainment
12219,The Cure
9570,The Silence of the Lambs
1628,18th United States Congress
4603,Pace University
8205,Yolanda Adams
14245,Peoria
4948,Martin Beck Award
8477,Tim Carvell
13536,New Castle County
8106,Nintendo
5986,Gene Callahan
4212,The City of Lost Children
6368,Philadelphia Union
11521,Al Gore Jr.
5288,Dianne Wiest
13130,James Mason
10183,"Royal College, Colombo"
7139,2012
8973,Rice University
13300,Shigeru Miyamoto
138,alcoholism
7335,Into the Storm
11276,Toulouse
7185,Some Kind of Monster
12323,Stratford-upon-Avon
2817,CeeLo Green
8751,Joe Pasternak
9104,Stockholm
2431,Bolton Wanderers F.C.
11362,Primetime Emmy Award for Outstanding Comedy Series
13858,Hennepin County
10222,art punk
9241,September
3978,Primetime Emmy Award for Outstanding Main Title Design
3296,Westfield Group
5718,Morgan Spurlock
13904,Tazewell County
8516,The Ultimate Fighter
3881,Yunus Parvez
2481,Edward Scissorhands
14317,Hagerstown
1677,Robert Vaughn
7689,Chris Parnell
2548,Bebe Neuwirth
12796,Graham Greene
9223,Hustle & Flow
13993,This Is Spinal Tap
9393,Munich
13274,Harvey Keitel
14411,New Brunswick
13828,Chiswick
1126,land-grant institution
9347,Square
10452,Airports Authority of India
2534,Naked Lunch
11302,County Donegal
9918,Vera Farmiga
8129,Golden Raspberry Award for Worst Screenplay
4078,Trinidad
8858,poliomyelitis
6465,Keith David
2117,Jimmy Fallon
3729,David Zayas
9025,New World Pictures
11545,model
832,Penelope Wilton
6842,Bad Education
4693,University of Amsterdam
6709,Kevin James
6243,Maggie Roswell
1363,Baltimore Orioles
1283,Bernadette Peters
10128,libertarianism
2532,Church of England
6143,Street punk
14337,Grand Rapids
3429,Communist Party of India (Marxist)
8486,Robin Hood
5488,Gary Dourdan
9766,Tibet
13748,Waterford
4951,The Sweet Hereafter
9195,Happy Madison
9396,streaming media
10596,55th Golden Globe Awards
9876,University of Utah
13657,Portsmouth
9790,Michael Gladis
1717,The Fairly OddParents
6240,BSC Young Boys
6612,ice hockey
10787,Luc Besson
11342,Invasion of Normandy
12596,Inkheart
6028,The Killers
8697,A Prophet
14311,Minden
2185,Terrence McNally
7319,Cuban American
8339,Neil Gaiman
9341,Stargate
2752,Claude Debussy
5610,Casper
4591,Edmund Husserl
5855,Joshua Jackson
5049,left fielder
9831,Christ's College
10405,Christina Hendricks
2449,Kleiner Perkins Caufield & Byers
8000,Ken Keeler
1872,Modest Mouse
7356,Andrew G. Vajna
3460,Grammy Award for Best Instrumental Soloist Performance (without orchestra)
9889,chancellor
5112,Dean Stockwell
1906,Bronze Star Medal
12318,Staffordshire
5863,Uzbekistan national football team
6978,Yentl
14109,Newton
4541,Ann Sothern
55,Trinity College Dublin
6340,Swan Hunter
3604,Latin Grammy Award for Record of the Year
563,Avril Lavigne
561,The Bahamas
742,alternative country
14461,Lady Margaret Hall
6769,Bobby Farrelly
6543,Iceland
12918,United Arab Emirates
8168,prison film
1730,Wollongong
90,Harbin
12710,Ang Lee
6141,Andre Braugher
2321,Heart
3772,ASAP
12138,Kampala
2755,Prince
3650,North Carolina Tar Heels football
3200,Touchstone Pictures
6992,Oklahoma State Cowboys football
13926,Eagle County
10800,Gresham's School
10093,York University
2634,University of Lancaster
9616,Tabitha St. Germain
2073,computer science
2273,Cyprus
5323,Elliott Gould
2924,Colin Farrell
4923,Michael Bay
6297,Greater Boston
1339,Phillips Exeter Academy
4273,"Grammy Award for Best Southern, Country or Bluegrass Gospel Album"
6710,I. M. Pei
9390,Cedric Gibbons
1069,Clube de Regatas do Flamengo
4513,Playboy Playmate
5013,Juno
8428,New York Law School
5673,Anchorman: The Legend of Ron Burgundy
10399,Beirut
3287,Crystal Palace F.C.
10996,Robert Ridgely
7513,Steve Oedekerk
7918,Craig Barron
3436,chanson
6232,"Upstairs, Downstairs"
13060,Portland Trail Blazers
8621,Wallace & Gromit: The Curse of the Were-Rabbit
10874,Iron Man 3
9697,Thomas Pynchon
5716,Finland national football team
6585,Summer of Sam
12675,ABC
13588,Harold Pinter
2173,Tim Robbins
12621,Theodore Shapiro
3366,Cinderella
10665,Hong Kong Film Award for Best Cinematography
6281,The Count of Monte Cristo
9138,Steven Spielberg
13614,country rock
6314,Ann Curry
10260,operatic pop
10950,Pandro S. Berman
12505,Jesus College
11128,44th Academy Awards
6011,"The Wire, season 4"
1039,Fisk University
830,The Lord of the Rings: The Two Towers
4427,Davis
356,fluoride ion
11383,Broadcast Film Critics Association Awards 2001
400,Hawaiian Islands
8549,Mr. & Mrs. Smith
710,Lionel Richie
11771,Terry Jones
12778,Sigourney Weaver
375,Arthur Kennedy
14105,Danny Boyle
7055,Amjad Khan
8904,rugby union
8013,David Lindley
2348,Neath
10292,Real Madrid Castilla
5239,Jack Warden
6719,Travis Barker
13635,Okanogan County
253,Midland
14509,American Airlines
6696,A.E.K. Athens F.C.
4477,Frida
13527,Yavapai County
4360,Murphy Brown
4913,George Segal
12328,Rock and Roll Hall of Fame
4357,Harry Morgan
4856,Mary Astor
6027,Cash Money Records
1989,Ludwig Maximilian University of Munich
9353,Justin Theroux
2221,Brian Jones
4621,East River
1571,math rock
10960,Tony Award for Best Direction of a Play
12426,Maulik Pancholy
11292,Margin Call
5311,Independent Spirit Award for Best First Screenplay
7611,Lucille Ball
12185,North Holland
9694,Truro
8513,Patti Smith
4920,Iron Sky
2572,Red Skelton
4417,DC Comics
7475,Far from Heaven
1518,Curb Your Enthusiasm
12282,Marion County
3561,Hofstra University
6059,Gene Simmons
9504,volleyball
5316,Northern Arizona University
7613,Lower Saxony
13358,David Byrne
10806,No Country for Old Men
8374,Catherine Tate
8054,District 9
3584,1. FC Union Berlin
9139,Spike Lee
8368,oboe
10531,Chris Killen
8033,Magdeburg
1949,Marvin Hamlisch
11513,Mani Sharma
3706,Roots: The Next Generations
2594,stunt performer
3029,Victor Garber
3605,Latin Grammy Award for Album of the Year
520,Perak
1625,15th United States Congress
5396,Adele
4389,Anthony Minghella
1391,Oswego
1207,Grammy Award for Record of the Year
5631,Monster's Ball
13192,Sunset Boulevard
5999,Philippe Rousselot
8377,Mary McCormack
11599,San Francisco
13048,Dallas Mavericks
4010,Lamar Odom
6765,"I Love You, Man"
6495,Grammy Award for Best Pop Collaboration with Vocals
4008,Patricia Heaton
10741,Florence
933,Chiba Prefecture
11690,Paul Simon
2098,Roger Federer
8677,MTV Movie Award for Best Song from a Movie
10889,Primetime Emmy Award for Outstanding Lead Actress in a Miniseries or a Movie
13030,1976 Summer Olympics
9113,William A. Wellman
14462,Balliol College
6711,Ray
10482,John Maynard Keynes
730,Irving Thalberg
3627,Tokyo Broadcasting System Holdings
4216,Merian C. Cooper
9029,House of Romanov
4306,Dr. Seuss
1043,Baptist
1176,New Romanticism
14421,Las Cruces
7286,Salman Rushdie
12998,Albania
652,Hank Williams Jr.
4588,Kevin Garnett
1461,2046
4555,acid rock
8350,Walk the Line
8749,Presbyterianism
7672,mathematics
13266,The Sopranos
948,Westwood Village Memorial Park Cemetery
14401,East Orange
2704,Ringo Starr
12801,Buzz Aldrin
8532,Spyglass Entertainment
14089,Larry David
5957,Lal
2156,Julieta Venegas
4785,Wake Forest Demon Deacons men's basketball
9761,Abigail Breslin
860,Wellesley College
14081,Man on the Moon
11108,The Grapes of Wrath
4081,University of Pisa
6674,Indianapolis Colts
6365,Alan Ball
7753,Dougray Scott
9816,Raj Babbar
10036,R. Madhavan
6113,game show
1764,Michigan State University
769,doom metal
10965,UK garage
1603,Chris Carter
14347,"SOAS, University of London"
10791,Northwestern University School of Law
6362,Amanda Peet
3070,John Lithgow
7557,America Ferrera
14335,Southern Baptist Convention
13306,Rebecca Hall
10261,The Texas Chainsaw Massacre
768,Colby College
7986,progressive bluegrass
8294,Nathaniel Hawthorne
10084,Ypsilanti
4958,Jeffrey Tambor
12195,Panama City
8949,Rwanda
2561,Southport
14379,Atlanta Braves
5982,Jim Clark
3269,Stanford Law School
906,Jack Bruce
12302,L-Tryptophan
12174,Penn Badgley
1992,chemistry
593,natural history
11689,Star Wars Episode VI: Return of the Jedi
9424,GFW Impact!
3566,Caribbean
1462,Chungking Express
14466,Exeter College
622,East Coast hip hop
11601,Bern
7940,Catholic school
10584,Alain Johannes
13327,The Unbearable Lightness of Being
9902,Union of European Football Associations
2935,D'Angelo
5447,The View
10324,Asrani
6837,BAFTA Award for Best Film
4596,Walter Murch
1776,Glenn Frey
346,Queens of the Stone Age
10503,"Activision Publishing, Inc."
5977,All About Steve
6087,Naval Postgraduate School
4800,Roy Haynes
4121,Mark Burnett
6684,Emilie de Ravin
3572,Hugo Award for Best Novelette
1066,Shelley Winters
976,Niigata Prefecture
13436,Matanuska-Susitna Borough
11284,Frederick County
9284,FC Baku
3268,Ray Manzarek
11060,Knocked Up
4436,economics
7440,IK Start
14316,Towson
5925,lead vocalist
12876,Bilbao
664,Lil Wayne
5439,Michael Madsen
12786,66th Tony Awards
3692,Paz de la Huerta
1212,bus
4925,BAFTA Award for Best Makeup and Hair
3495,Vin Diesel
13307,Ashish Vidyarthi
1053,Douglas Shearer
10031,Weimar Republic
7532,Liverpool
5433,Ford
11154,John Huston
12443,Amherst College
9662,Requiem for a Dream
4842,Ubisoft
2060,Donny Osmond
2779,Billy Zane
3962,dinosaur
2209,Joel Schumacher
2719,Daegu
6727,John Corbett
11153,Mauricio Pinilla
3178,Danny Glover
3234,University of Georgia
795,The Doobie Brothers
4622,existentialism
13384,San Diego County
6841,Martin McDonagh
11613,Al-Arabi SC
2499,Hamilton Academical F.C.
7232,Kagoshima
13767,Hamilton County
1769,Tyra Banks
3311,Florida International University
5891,Evangeline Lilly
8700,Tron: Legacy
4737,Robert Klein
10444,High School Musical
13375,Mendocino County
7647,Lausanne
9429,Dermot Mulroney
14298,antibiotic
5643,35th Canadian Parliament
7661,Limp Bizkit
6148,Marit Allen
13663,Henrico County
8040,musical keyboard
11103,Looper
6121,Prem Chopra
3213,Moscow State University
1277,Grammy Award for Best Pop Performance by a Duo or Group with Vocals
12456,Stewie Griffin: The Untold Story
7309,Reliance Entertainment
2933,Joan Baez
13144,My Man Godfrey
908,Guelph
1858,The Diary of Anne Frank
11906,American Splendor
10069,David Carney
1888,Paul Walker
6971,Scooby-Doo
627,gospel music
13438,Aude
14518,Lawton
8534,independent music
2913,Merle Haggard
12872,East Sussex
6667,David Lee
3211,Allahabad
8395,hip hop soul
7126,I Love You Phillip Morris
13889,Sedgwick County
6413,Howard Hughes
2403,Jule Styne
9215,Tim Daly
87,Nino Rota
14118,Rostock
359,sales
2291,Anastasia
7114,Cagliari Calcio
1966,gold
4355,Theodore Bikel
8670,Rakhee Gulzar
14371,Arizona Diamondbacks
11781,Canberra
284,Merseyside
9268,Rekha
12906,Marley
11335,University of Texas School of Law
4267,Blade II
13267,motor neuron disease
183,alternative hip hop
10133,Laraine Day
9797,Unix
9829,Uppsala University
487,Cliff Robertson
9074,Channing Tatum
6895,Real Salt Lake
3355,Remember the Titans
2330,Gia
11203,Grammy Award for Song of the Year
8645,Cyrano de Bergerac
5896,Eva Mendes
11534,Ron Jeremy
6316,Henry Rollins
5981,Satyen Kappu
11187,Acadians
2241,Fortune 500
6555,Jean Smart
8380,Oakland Raiders
8021,Fist of the North Star
11165,Houssine Kharja
7649,Cumulus Media
1813,Virginia Tech
1151,pancreatic cancer
13643,Lewis County
1134,John F. Kennedy School of Government
5377,Franklin Delano Roosevelt
9864,Unitarian Universalism
12264,Olympia
2908,Madhuri Dixit
7725,Christian
3550,Erich Wolfgang Korngold
1452,Man Booker Prize
4165,public health
13034,Brooklyn Nets
653,Denholm Elliott
7255,symphonic metal
10728,Howards End
11355,Henry Fonda
2493,Twister
3575,Martin Lawrence
2000,Erich Ludendorff
5098,Damon Wayans
11150,symphony
2954,"Royal Holloway, University of London"
1969,Charlize Theron
13459,Thelonious Monk
1894,Chicago Fire Soccer Club
5564,Mike O'Malley
6376,FC Akhmat Grozny
11952,diarrhea
8217,Very Bad Things
3546,Florida State Seminoles football
5195,Central Michigan University
2806,Cornell University
9018,Odense Boldklub
8647,Hugh Bonneville
6726,Matt Selman
5252,Android
3166,Agra
1984,congregational church
7038,Richard Thorpe
217,Dortmund
3972,EDtv
1736,Chris Isaak
7092,Julia Roberts
12728,Midnight's Children
9552,FC Midtjylland
11542,acquired immunodeficiency syndrome
11295,2009 NCAA Men's Division I Basketball Tournament
12167,Kuwait City
10083,yellow fever
6360,Latin Grammy Award for Best Short Form Music Video
11723,Christopher Columbus: The Discovery
11839,Akon
10266,Kickers Offenbach
8950,Prison Break
9574,Terry Pratchett
9863,Utrecht University
1319,Romeo + Juliet
6484,Legend
9658,Tom Werner
10743,Myrtle Beach
13982,Dijon
8528,A History of Violence
11366,ninja
4453,Out of Sight
1599,Burton upon Trent
11968,retinol
4106,Alex North
1118,Rockstar Games
1497,Catch Me If You Can
6665,Terry Pratchett's The Colour of Magic
6721,Marcia Wallace
6708,Anchor Bay Entertainment
3335,Bill Bruford
13584,County Roscommon
5498,Federated States of Micronesia
9160,software engineering
2959,Claire Forlani
9231,Sudan
7766,Moldova
3463,Grammy Award for Best Classical Crossover Album
6142,Antioch College
5238,Wanda Sykes
14419,Elizabeth
3928,RoboCop
13079,Los Angeles Kings
6009,FC Twente
2691,Josh Homme
177,Simon Pegg
3179,Bangor
13413,1984 Summer Olympics
8963,Robert E. Lee
376,Crawley
14528,Grants Pass
2069,1996 Grammy Awards
10737,Warwick
3660,Grammy Award for Best Country Instrumental Performance
178,Stevie Wonder
675,The Prodigy
6494,Social Distortion
9513,vegetarianism
2786,Coolio
3246,mouth harp
14362,Ann Arbor
10636,Fantastic Four: Rise of the Silver Surfer
9250,Marilyn Vance
1934,seiyū
11857,Leonardo DiCaprio
4885,Terror in the Aisles
10997,Iraklis F.C.
7386,The Bad Lieutenant: Port of Call New Orleans
1952,Germany national football team
2845,Chaka Khan
12911,Roundhead
12927,Zero Dark Thirty
2204,Ashton Kutcher
4644,New York Shipbuilding Corporation
12506,Primetime Emmy Award for Outstanding Directing for a Drama Series
1645,Jill Clayburgh
1170,Dunfermline
12326,Victor Miller
2886,David Banner
6073,Margaret Thatcher
6004,Knox College
14123,Tess
4470,Julia Stiles
2021,avant-garde jazz
2441,French National Assembly
11805,Shrek
13583,County Galway
9613,Fullmetal Alchemist the Movie: Conqueror of Shamballa
11800,The Witches of Eastwick
2780,Frank Oz
11340,Windsor Castle
8912,David Morse
2516,biochemist
1597,The Royal Tenenbaums
8496,art of painting
8789,Jenna Ushkowitz
970,Israelis
13526,Pinal County
4608,Fashion Institute of Technology
8188,Santana
5552,Urawa Red Diamonds
8042,Joseph Kish
9114,satire
6021,Activision Blizzard
7505,St Patrick's Athletic F.C.
8242,Norman Foster
6081,Dead Ringers
8635,Michael Murphy
5130,Scream 2
4722,David Carradine
12968,National Lampoon's Animal House
2041,Hemel Hempstead
8080,St. Stephen's College
5159,The Decemberists
3052,Alan Parker
733,The Fisher King
2045,Telly Savalas
11758,New Delhi
13189,Shane
748,Batman: The Animated Series
4027,Brentford F.C.
7047,Aidan Quinn
12687,Battlefield Earth
8827,Hrishikesh Mukherjee
4619,Joan Bennett
5389,The Loss of a Teardrop Diamond
4521,natural causes
969,choreography
8132,safety
12307,On Her Majesty's Secret Service
3322,Patrick McGoohan
7402,Larry the Cable Guy
6264,Parramatta Eels
10166,X-Men Origins: Wolverine
2649,Fred Armisen
7998,Lesser Poland Voivodeship
4426,Robert Evans
2337,Socialist Party
7853,milk
1413,Makati
8325,Gil Vicente F.C.
10062,Winona Ryder
1986,"Blood, Sweat & Tears"
12730,Peter Lorre
4321,wide receiver
2906,Joey Jordison
7987,Marrakesh
13509,Aarhus
1914,CSI: Crime Scene Investigation
8359,motivational speaker
887,Helen Hayes
11639,Texarkana
5293,Independent Spirit Award for Best Supporting Male
8970,Steven Epstein
7270,Kent State University
7975,Populous
7901,Mobile Suit Gundam
5327,First Lady of the United States
1799,"University of Maryland, College Park"
4079,Stanford Graduate School of Business
7152,Karl Marx
4781,Stephen Richard Hackett
11816,Cattaraugus County
2527,Jamaica
4229,Charlotte Rampling
9489,Syriana
5761,George R. R. Martin
2278,Scunthorpe
2599,Palmerston North
9821,Uzbekistan
10360,Denise Richards
13350,intelligent dance music
1650,Bill Pullman
13681,Hidalgo County
4818,The Wizard of Oz
11519,Zachary Quinto
447,Lesser Antilles
8304,non-fiction
12330,concertina
12349,Senna
10876,59th Academy Awards
14505,Dead Poets Society
2070,Czech Republic
881,Richard Thompson
6450,Teachers College
7970,Colo-Colo
6412,Alien vs. Predator
7735,Popeye
9264,comics artist
1321,Arista Records
12398,White British
4577,Steve Schirripa
10592,Gladiator
3298,anti-folk
8394,1. FC Magdeburg
11743,jurist-consultant
12471,Michael Brauer
1209,Jean Simmons
13687,Cameron County
3776,13th Screen Actors Guild Awards
12643,autistic disorder
14153,Malibu
692,Stetson University
13906,Sangamon County
1513,Green Bay
11612,The Nutty Professor
4654,Christian music
11474,Gloucestershire
9974,West Virginia
10148,electronic dance music
3847,drama
5581,avant-garde metal
6489,Michael Kahn
3894,Annette Bening
4416,playwright
5180,Robert Elswit
7414,Will Forte
6951,Brian Dennehy
5070,Best in Show
8618,Jay Baruchel
4488,Egypt
9853,SpongeBob SquarePants
11806,John Carpenter
164,Mervyn LeRoy
4776,University of Hull
11447,Elite Squad: The Enemy Within
990,Alec Baldwin
13960,Charles Boyer
7953,Senate of Virginia
8644,Saba Qom F.C.
987,Brian Eno
2297,Monrovia
7547,Cinema Paradiso
5573,Tara Reid
12610,Michael O'Neill
9608,The Weather Man
1367,Southend-on-Sea
13058,Los Angeles Lakers
5344,Dunedin
2115,Colorado
4677,BAFTA Award for Best Adapted Screenplay
579,Belarus
12452,Kavala F.C.
467,Los Lobos
1159,Sidney Lumet
709,The Cars
12260,Raleigh
13178,Hampden County
14332,Uxbridge
9235,GMA Network
4560,Pacific Time Zone
9022,Sony Pictures Home Entertainment
8633,PBS
3002,Cardiff University
6161,Urbs Reggina 1914
11090,Mali Finn
13243,Wayne's World
13242,2006 Winter Olympics
8277,Kung Fu Hustle
8145,Swept Away
3083,diploma
1719,Willow
10649,Gethin Creagh
4664,Armin Mueller-Stahl
5638,O.G.C. Nice
12974,Santa Ana
13701,Beaver County
11061,Westminster Abbey
14308,Lafayette
13359,bowed string instrument
6520,The Bourne Legacy
13594,Martha Plimpton
1500,neo soul
11209,Coventry
1344,Michael Jeter
10816,Taiwo Atieno
13158,party game
8735,garage punk
14353,Saginaw
1021,Institute for Advanced Study
3343,Shrewsbury
9417,Saul Bellow
13679,McLennan County
10958,Tbilisi
12617,Cosmopolis
3114,James Gandolfini
7177,Elektra
108,County Tipperary
12133,Cory Monteith
13140,The Last Picture Show
6108,FC Utrecht
14364,Biloxi
14084,tragicomedy
9579,Harry Stradling
880,ER
14475,St Catherine's College
6733,Daniel Nestor
1506,unitary state
5355,Peter Krause
112,Conspiracy Theory
9543,Radio Days
4348,Indian rupee
2263,Louisiana State University
4570,Michael Imperioli
11725,Charles de Gaulle
9859,University of Tulsa
11223,Chris Pine
2650,David Ogden Stiers
1438,The Roots
1627,16th United States Congress
6268,Hindi
482,Bratislava
9989,Wolfgang Amadeus Mozart
13495,Hamilton
8942,republic
7363,Leslie Caron
14409,Lahore
4262,John Noble
13379,Monterey County
3921,Hook
8684,The Fugitive
287,Austin Powers in Goldmember
6613,Congo
1833,St. John's University
4528,Fist of the North Star
472,Trevor Howard
12677,Kill Bill Volume 2
3046,Jeff Goldblum
7890,K.R.C. Genk
131,Star Trek V: The Final Frontier
5972,Miracle at St. Anna
12743,Scots
10018,Jess Harnell
10802,The Losers
5088,Greg Kinnear
9354,Saxony
2463,K Records
10449,Seville
4939,Glen Ballard
12245,Marc Joseph
4970,Georgetown University Law Center
255,St. Cloud
8968,Equal Vision Records
11385,Phyllis Logan
2524,Dundee F.C.
2970,Shark Tale
2550,Golden Retriever
11899,Jacques Derrida
10310,Isaiah Washington
3388,Christopher Doyle
11,Logan
10226,Joy Bryant
12603,sex comedy
560,Tulane University
8142,North Korea
10393,Kingston
8468,Al Schmitt
9350,Lorraine Broderick
5230,Secrets & Lies
5003,Media Asia Entertainment Group
827,Roger Waters
14381,Missoula
13961,Dogma
2511,cycling
3329,Furman University
7372,Stephen Jackson
11681,Johnny English Reborn
7191,Unione Sportiva Lecce
7462,The Messenger
11670,Gwen Wakeling
773,funk metal
684,Paul Oakenfold
2024,Buenos Aires Province
10660,Pretty Little Liars
6746,Vince Gilligan
4559,Pat Metheny Group
3935,Mansfield
10977,Brad Jones
6922,Superman II
9865,"Good Night, and Good Luck."
128,Torquay
12444,Jean-Luc Godard
1863,Charlotte Hornets
12959,St. John's
14213,West Palm Beach
10179,Hot Fuzz
12758,conglomerate
10200,Babel
3696,Purdue Boilermakers men's basketball
5682,J. T. Walsh
13108,Orange County
9122,Slovakia
1247,Grammy Award for Best Alternative Music Album
12026,The Kingdom
2211,Bowling Green State University
13195,The Ten Commandments
11252,Korn
6735,Pirates of the Caribbean: Dead Man's Chest
1117,Take-Two Interactive
9572,trip hop
8716,Prime Minister of the United Kingdom
13493,1928 Summer Olympics
3371,Calista Flockhart
11352,Jennifer Celotta
12829,CTV Television Network
11585,August Strindberg
7895,murder
7122,(500) Days of Summer
5871,Vittorio Storaro
9808,United Kingdom
2367,County Meath
7129,Timeline
12428,Mogadishu
12442,Richmond
4022,doctoral degree
2776,Kelly Rowland
9101,Swedes
7528,Leonardo da Vinci
4250,MTV Video Music Award for Best Pop Video
5256,Cannes Best Director Award
3067,Elisha Cuthbert
1975,The Guess Who
14052,John Hughes
4662,Sandy Powell
14464,Christ Church
13134,Rear Window
2625,Jon Favreau
4911,Genie Award for Best Achievement in Editing
7344,Daytime Emmy Award for Outstanding Talk Show Host
14066,Delft University of Technology
12344,Liza Minnelli
2452,Namco
6731,Robert Ryan
3313,Bachelor of Business Administration
12514,association football player
441,Cate Blanchett
10205,Star Trek
10540,chief administrative officer
11707,The Girl with the Dragon Tattoo
12064,Sleepy Hollow
1892,Twin Peaks: Fire Walk with Me
13571,A Bridge Too Far
6228,Gold Medal of the Royal Astronomical Society
4726,Interview with the Vampire
7883,military history
2825,Common
13446,Leonard Cohen
8851,Dominic West
11485,Away from Her
4716,Shimla
1533,Ryan's Daughter
12995,remake
14106,Fairbanks
910,Belleville
5692,Julian Glover
5479,Luke Wilson
5745,gangsta rap
11716,Detective Conan: The Phantom of Baker Street
10539,reality television
12647,54th Annual Grammy Awards
5721,Greenland
11499,Valenciennes F.C.
7446,The Killing Fields
4343,Never Say Never Again
9818,United Nations
5751,Garth Brooks
12122,US Boulogne
8068,Jesse Metcalfe
13606,fine art
4146,Gina McKee
6600,Cats & Dogs
13012,Citrus County
1016,Susan Hayward
11747,David Copperfield
8518,Portugal
1680,Christina Applegate
13179,Hampshire County
3116,Emilio Estevez
12459,Killing Them Softly
14221,Marietta
116,Sub Pop
12554,Charles Laughton
483,Ryan O'Neal
3646,28th Golden Globe Awards
9330,Franklin Medal
11744,Western Front
4094,Danny Elfman
7941,drone music
12068,Jennifer Connelly
1945,heart failure
3108,Worthing
11653,The Host
2588,Candice Bergen
13260,Sarnia
8608,Stephen Tobolowsky
12818,Genoa
9506,Manorama
612,Brittany Murphy
13369,John G. Avildsen
12969,animal
1019,Empire of Japan
457,critic
9421,Alan Oppenheimer
6752,Ayako Kawasumi
12944,Joe Satriani
9036,Rome
6758,Shea Whigham
11012,Revathi
1938,Gina Gershon
3773,Primetime Emmy Award for Outstanding Directing for a Comedy Series
5099,abdominal pain
8546,Jamie Gangel
13603,Corey Feldman
8908,religion
11503,Marburg
10942,Aston Villa F.C.
4995,Chris Seefried
1453,Willem Dafoe
3112,Penzance
2620,Anthony Kiedis
9966,Screen Gems
624,Southern hip hop
229,Robin Gibb
6564,island
4554,Kanye West
5976,Rambo
3468,Travis Banton
7550,Dileep
367,Laurence Fishburne
14334,Bay City
6640,Kenneth Mars
8855,Purple Heart
5131,RahXephon
1001,space rock
4111,104th United States Congress
12697,"Hello, Dolly!"
5093,Bruce Davison
7373,James Wong
11283,Manish Malhotra
1763,University of Iowa
5961,Arif Mardin
7428,Pennsylvania State University
13576,County Clare
8910,Tony Award for Best Lighting Design
11066,James Walker
2740,Cher
13180,Middlesex County
1231,Seoul National University
10569,60th Golden Globe Awards
10919,Montpelier
11039,Back to the Future
2725,John Houseman
8849,Talk to Her
7606,Let the Right One In
7237,Marlon Brando
371,Alternative Tentacles
7886,Virginia Madsen
10685,National Treasure: Book of Secrets
3710,Danube
8667,Fish Tank
10153,Dragon Ball: Mystical Adventure
11793,pneumonia
13151,Celebrity Big Brother
4763,BAFTA Award for Best Actress in a Supporting Role
1783,Image Comics
7840,New York State Senate
13364,synthesizer
7143,Kuwait
10174,The Office
807,Crewe
14344,Animaniacs
7959,The Expendables
1683,Douglas Fairbanks
5484,Bridgeport Sound Tigers
6407,Team America: World Police
5950,1909 Major League Baseball season
10913,Al Pacino
13522,Maricopa County
7896,"Martin Luther King, Jr."
4001,Phil Ramone
11155,Providence
1782,Tracey Ullman
5614,Federico Fellini
4064,Tamworth F.C.
5974,Charlotte Gibson
9565,topology
310,Atlanta
6538,racewalking
9510,Venice
10564,Enosis Neon Paralimni FC
1406,Quito
6018,Marquette Golden Eagles men's basketball
13915,Champaign County
9524,SV Eintracht Trier 05
13711,Franklin County
1983,Freddie Hubbard
10323,Edward Said
6807,Dallas Theological Seminary
964,Saitama Prefecture
7962,Hugh Hunt
1024,Ted Kennedy
130,Marlene Dietrich
5407,Ki Sung-yueng
3676,Diana Krall
3668,I Know Who Killed Me
2106,West Bromwich
13063,hardcore punk
5270,Satellite Award for Best Animated or Mixed Media Feature
11531,Pulitzer Prize for Drama
5470,Picket Fences
13894,Greenwich
5183,Catholic Church
5864,Jordan
4205,Grammy Award for Best Traditional Folk Album
2159,John Goodman
2043,Wynton Marsalis
2626,Tommy Chong
4403,drum kit
7577,Malayali
2132,Texas Tech University
3220,Connie Willis
4392,Grammy Award for Best Jazz Instrumental Album
9142,silent film
2679,Ossie Davis
4038,Darlington F.C.
649,Maurice Gibb
9717,Timothy Leary
7318,Kevin Jonas
3280,Tim Roth
248,Albert Brooks
6267,Andy Richter
6920,James Monroe
13024,Indian River County
10884,Forrest Gump
9187,Stockholm University
10882,Masovian Voivodeship
6568,Analyze This
4465,erotica
6561,Monsoon Wedding
5536,Subiaco
6049,Franz Kafka
9157,Jason Segel
13186,Amsterdam
870,Gil Scott-Heron
4291,Ohio University
6756,Stade Rennais F.C.
5149,Pittsburgh Panthers football
12235,Valletta
9878,University of Manitoba
7413,Lithuania
9800,Heather Morris
12932,House of Savoy
7410,Lincoln
5465,Mary-Louise Parker
13278,Ralph Vaughan Williams
5139,Luther
4891,Genie Award for Best Achievement in Costume Design
10994,United States Forest Service
1430,1964 Winter Olympics
13218,Gregory Peck
6764,Estonia national football team
13268,David Attenborough
3182,killed in action
3440,Clarence Brown
395,Burl Ives
4035,Bury F.C.
80,"Douglas Haig, 1st Earl Haig"
12895,Basil Rathbone
7607,Good
13664,Hampton
9233,French American
5141,Eli Wallach
13437,Nome Census Area
3640,guest host
1356,Richard Rorty
7030,Jakarta
12466,Salmon Fishing in the Yemen
14239,Highland Park
4406,Portland Pirates
688,South Tyrol
11265,1896 Summer Olympics
13514,Mickey Rooney
7076,Village Roadshow Pictures
12815,Alaska
5153,Giuseppe Colucci
8235,Allahabad University
12966,University of Florida
2540,Fergie
4894,Jenna Wolfe
9410,62nd Academy Awards
7687,The Gift
1164,Bradley Cooper
192,Kingston University
11423,FC Zorya Luhansk
4391,Chuck Connors
12824,broccoli
13233,Sergeant York
2464,Sue X
6306,Florida Atlantic University
2789,Cliff Richard
5208,English people
10169,Parsons The New School for Design
4150,101st United States Congress
14228,Pocatello
12440,Alanis Morissette
115,Melissa Joan Hart
2865,Rob Zombie
3610,Lois Smith
12014,Harlem
11925,FC Lugano
755,Affliction
14177,Redwood City
10151,Sarah Palin
3765,BAFTA Award for Best Actor in a Supporting Role
3257,FC Basel
4686,A League of Their Own
7552,L. Frank Baum
7437,David S. Goyer
10968,The Descendants
8206,Taras Shevchenko National University of Kyiv
10851,2003 NCAA Men's Division I Basketball Tournament
5616,technical director
12980,Derbyshire
8176,Niger
11374,Colleen Clinkenbeard
6506,Danilo Donati
4455,Jon Lovitz
9757,The Smashing Pumpkins
3361,Crispin Glover
9333,Saving Private Ryan
7495,Patch Adams
3066,Cleveland Indians
7262,Johnny Yong Bosch
10263,Midwest hip hop
9229,Ashley Tisdale
4451,Concord Records
8291,NBC
10709,Rang De Basanti
592,tubular bells
3354,Dogville
9370,shooting sport
5371,71st Academy Awards
11695,Holy Roman Emperor
5119,Al Roker
1523,Susannah York
13887,Ames
2990,Orduspor
13455,Tufts University
4232,MTV Video Music Award for Video of the Year
11480,Manmohan Krishna
4934,Minnesota Golden Gophers men's basketball
13808,Hillsborough County
6882,Curtis Armstrong
8741,Mandopop
13929,Arapahoe County
8568,Jonas Brothers World Tour 2009
9819,University of Washington
8529,Pacific Ocean
2658,acoustic bass guitar
5683,Alex Kingston
9638,Tour de France
9668,The Green Hornet
2242,St. Olaf College
11092,New York Red Bulls
14246,Moline
2661,Royal Naval Air Service
2492,Brendon Small
8052,MTV Movie Award for Best Villain
1539,illegal drug trade
12445,Ryerson University
7538,Il Divo
2054,Aldo Nova
109,Tyne and Wear
14327,Lynn
330,ACF Fiorentina
3895,Ben Johnson
11140,Larry Crowne
3851,Douglas Adams
7062,Juventus F.C.
13395,Sonoma County
13856,St. Louis County
1488,County Wexford
1350,Ghostbusters
11764,Shropshire
291,The Cult
6351,Neymar Jr
3283,"Sex, Lies, and Videotape"
6171,return specialist
190,Jon Anderson
6695,Inter Milan
7010,Superman Returns
5345,Forest Whitaker
6801,South Africa national football team
7519,Norfolk Admirals
2315,The Firm
6126,Lierse S.K.
1987,Cremona
6337,Breaker Morant
12013,Western North Carolina
6981,contestant
9219,Television Hall of Fame
13955,Hamilton
13020,1996 Summer Olympics
837,Northwestern University
12737,American Horror Story
1908,Wild at Heart
5473,Frank Capra
6174,Marilyn Manson
1084,Steven Bochco
13226,Southampton F.C.
14190,Ventura
4000,Saint Petersburg State University
8810,Anna Camp
3251,The Civil War
11646,The Twilight Zone franchise
3823,Miss Golden Globe
2819,MGMT
5219,Daybreak Game Company
3349,Dev Anand
5261,Richard Widmark
14219,Macon
3250,Litchfield
4124,Shohei Imamura
7620,U.C. AlbinoLeffe
1168,The Rainmaker
12009,Fear and Loathing in Las Vegas
7641,Michael De Luca
12406,Howard the Duck
11238,Dordogne
11348,Jodie Foster
8888,Mehcad Brooks
7358,Kirsten Dunst
1928,Bachelor of Commerce
12590,Robert Redford
5493,Harry Potter and the Philosopher's Stone
8398,Krista Allen
11951,SPV
4873,Lost in Space
3981,Pigface
5490,Vince Vaughn
5462,Shemp Howard
1789,barrister
8985,X-Men: The Last Stand
1205,Fuji Television
1466,James Marsters
7273,Kaohsiung City
12600,North Island
295,Pontefract
11307,economic history
10429,Little Shop of Horrors
370,London Symphony Orchestra
12819,Yekaterinburg
2768,Snoop Dogg
13801,Cape May County
8821,prophet
3794,Midway Games
6866,alternative dance
4532,UNK_1
1743,Claudia Cardinale
10602,Primetime Emmy Award for Outstanding Lead Actor in a Comedy Series
13146,Arabic
1211,Pillow Talk
11518,Watchmen
13425,Academy Award for Best Original Score
9977,Warren G. Harding
11384,James Bond
12414,Veracruz
1935,Ralph Stanley
13813,Cruel Intentions
11221,Bari
10246,Pittsburgh metropolitan area
11126,46th Academy Awards
213,Brazil national football team
12411,Deborah Kerr
2129,Columbia Law School
7831,Mathcore
2093,Ronnie Wood
3570,Hugo Award for Best Dramatic Presentation
8211,Black Robe
11325,Richard Burton
7394,DreamWorks Records
14062,Chattanooga
2342,Barry Sonnenfeld
11313,Spencer Tracy
6478,Jessica Walter
5988,Cranford
9805,Manisaspor
13355,Brian Wilson
13344,Battleground
7317,Shimizu S-Pulse
1623,13th United States Congress
8076,Mecca
588,Conrad Hall
10158,Ted Field
9289,search engine
12750,Mikael Salomon
5264,Lars and the Real Girl
10796,Corinne Bailey Rae
12215,Paul Dano
12243,Topeka
2875,Shakira
4405,University of New Hampshire
6329,Jennifer Esposito
2907,contemporary classical music
1385,Poole
1852,Debra Winger
1236,University of Leeds
2066,"Crouching Tiger, Hidden Dragon"
594,Henan
5629,George Lucas
12047,Asia
6395,Hertfordshire
9202,The Delta Force
704,Universal Studios
4414,A Mighty Wind
7445,Guadeloupe national football team
9180,Star Trek: Voyager
12268,Cheyenne
6019,Clemson Tigers men's basketball
4665,Stephen Chow
3188,Lost in Translation
4384,Royal Society
11586,Rugby School
13303,Stephen Moyer
5698,Meet Joe Black
3970,Another World
2584,Benjamin Bratt
9715,Kerry Washington
8744,Perth
283,Eau Claire
1109,Norman Mailer
3404,Charles B. Rangel
8929,Joel Edgerton
14410,Italian American
2521,jangle pop
932,Miyagi Prefecture
10513,Fidel Castro
11741,Red Cliff
10616,United 93
6846,Locus Award for Best Science Fiction Novel
1520,biotechnology
13844,London Borough of Enfield
8450,"Golden Raspberry Award for Worst Prequel, Remake, Rip-off or Sequel"
1781,James Ingram
5677,Guam
14519,Enid
2810,darbuka
8836,Sridevi
9979,Washington
6290,Joel Silver
4832,South Pacific
6944,Friday Night Lights
14474,St Edmund Hall
7808,Mariah Carey
8062,Zamalek Sporting Club
1580,México
3263,fellow
1336,Port Vale F.C.
13469,American Kennel Club
2612,Free University of Berlin
10160,Quantum of Solace
572,In & Out
14249,East St. Louis
11650,clergy
6199,Milk
11015,Omaha Nighthawks
7698,Daniel Craig
2212,Ralph Burns
3626,David Lynch
4367,Danny Kaye
4917,BAFTA Award for Best Editing
9544,The Lord of the Rings
8296,Nanjing
8989,Robert Fripp
1509,Baghdad
1121,Apache
4593,Bai Ling
12840,Ho Chi Minh City
5210,Siobhan Finneran
9915,jazz-funk
2696,RCD Mallorca
7543,Frankenstein
6598,The Mummy Returns
13880,Washington County
6761,Cameroon national football team
6436,BAFTA Academy Fellowship Award
9844,Water
1286,dyspnea
11919,Somerville College
416,Nickelback
6115,Alan J. Pakula
5221,Alan Thicke
12858,Olympiacos F.C.
9105,Sigmund Freud
14309,Natchitoches
14422,industrial rock
7165,King Kong
8005,Mattel
5990,John Adams
11376,Sailor Moon S: The Movie
8193,November
2782,Larry Hagman
2055,Plymouth
13862,Washtenaw County
203,electroclash
7166,Taye Diggs
4637,Eugene
12790,Sichuan
11274,A. Sreekar Prasad
1602,Finnish
12611,Gore Vidal
12201,Marthand K. Venkatesh
394,Kingdom of Great Britain
9338,Joseph LaShelle
13610,Amazon
6760,Comedy
12163,Minneapolis
10681,The Polar Express
2311,Costa-Gavras
14244,Bloomington
9753,The Monkees
12571,Academy Award for Best Supporting Actor
3036,Jerry Siegel
9772,S.M. Entertainment
6692,Peter Sarsgaard
9311,Abe Burrows
10254,gothic metal
5446,Azerbaijan national football team
5814,England cricket team
4889,The Living Daylights
6989,Sequoia Capital
8400,Jim Taylor
3186,UC Berkeley School of Law
1832,The Man Who Wasn't There
2254,University of Auckland
10044,World Trade Organization
4006,Fulham F.C.
13163,John Byrne
4047,Southend United F.C.
10661,Samuel Goldwyn Films
9949,Valencia CF
3664,Manipur
14069,Norwich
9150,Stanford University
13695,Charleston County
3631,National Book Award for Poetry
642,John Gielgud
6658,British Indian
3260,Tom Berenger
12986,Weber County
12271,Olympiacos B.C.
2100,R. Lee Ermey
11757,grunge
570,Senate of Australia
14507,Lorain
7450,Club Santos Laguna
13766,Anglicanism
11235,Terence Winter
4097,The Santa Clause 2
9420,John Fritz Medal
9955,Amber Riley
10863,Gross out
3236,University of Padua
14351,Southfield
2971,Naomi Watts
7330,multi-instrumentalist
12272,Norfolk
5200,Club Deportivo Guadalajara
10566,The Constant Gardener
13205,Aphex Twin
9493,Sandra Bullock
14431,Glen Cove
5258,65th Golden Globe Awards
6918,Jerry Lewis
4331,100th United States Congress
227,Monash University
8019,Grammy Award for Best Dance/Electronic Album
11891,record producer
6958,Dragon Ball Z: Dead Zone
11948,Hollywood
4362,Fairfield University
12726,Ayn Rand
11201,Tennessee Williams
6964,Matt Chamberlain
3805,Scarlett
8497,psychology
8138,Nokia
12325,Johannesburg
70,farce
13086,Waterloo
3849,Forgetting Sarah Marshall
5075,Kotono Mitsuishi
3623,Gary Tomlin
3905,Topher Grace
5506,Final Fantasy VII: Advent Children
5198,Colbie Caillat
9611,Showtime
6686,Texas blues
3911,Bihar
2108,Ghost World
11318,Ferrara
5964,And the Band Played On
5087,Shaun of the Dead
4068,Clyde F.C.
1025,Iris
10583,57th Golden Globe Awards
14273,Terms of Endearment
4841,Bedtime Stories
7639,Agora
9803,Konyaspor
4802,Daytime Emmy Award for Outstanding Supporting Actress in a Drama Series
10521,Stargate SG-1
1011,Baraka
12121,Goya Award for Best Supporting Actress
5247,Georgia Tech Yellow Jackets football
10783,Madagascar: Escape 2 Africa
7727,Mississippi
3877,Dallas Cowboys
13743,Island Records
3591,Tony Shalhoub
6896,journalism
11315,Patrick O'Neal
764,Tom Wilkinson
9109,social science
13645,Williamsburg
6623,Illinois
6618,Spaniards
14025,mayor
3562,Amistad
5029,Chris Cooper
13752,Judgment at Nuremberg
3286,Jimmy Kimmel
3850,Pineapple Express
3475,Wrexham F.C.
1732,rockumentary
5076,Alan Hale
10522,humour
2507,clown
1476,anti-war movement
5347,α-carotene
13325,The Postman
13002,Chapel Hill
11336,Jack and Jill
6480,Amy Poehler
2128,Solomon Islands
11459,Carrie
10120,Mrs Henderson Presents
6241,Trabzonspor
10898,Jemaine Clement
5955,Christophe Beck
9671,Georgia Bulldogs football
12493,Vallejo
12169,Luxembourg
2558,Andy Lau
8243,Project Runway
13343,Billie Joe Armstrong
13738,Trumbull County
3121,Greenock
8303,Dave Fleischer
879,immortality
4279,Batman Begins
8387,A Clockwork Orange
83,West Sussex
4234,Walter Brennan
674,Sepultura
10881,Greater Poland Voivodeship
1180,Guiding Light
6344,Houston Astros
1429,Dubai
809,James Baldwin
6644,silver
5296,University of Montana
10804,Gary Summers
3441,107th United States Congress
4707,college
11527,Iraq War
12212,Charlotte
13839,Paddington
4137,College of the Holy Cross
9682,Tennessee Titans
344,hanging
5679,Brompton Cemetery
7184,93rd United States Congress
14389,Henderson
5965,Marty Stuart
4516,From the Earth to the Moon
2009,Khmer
13097,Do the Right Thing
4288,Dundee
2559,University of Sheffield
12785,People's Action Party
11812,Ben Elton
6001,Dianna Agron
2292,Alyssa Milano
5064,Canal+
3091,Melvin Van Peebles
14078,Decatur
14438,Staten Island
2137,Phil LaMarr
317,Christmas music
2195,Thom Yorke
12280,plucked string instrument
8775,MTV Movie Award for Most Desirable Female
4398,Nedumudi Venu
1115,"Strategic Simulations, Inc."
14330,Holyoke
8769,psychotic disorder
4103,Frankenstein's monster
9944,Vietnamese
10106,zoology
4779,Kingdom of Italy
230,Willie Nelson
4201,Colorado State University
1249,Queensland University of Technology
4635,head coach
8391,sports commentator
12112,Hundred Years' War
2300,Constantinople
10726,Bugsy
7070,51st Annual Grammy Awards
14181,Mountain View
6652,Michael Pitt
414,River Phoenix
13056,Golden State Warriors
9689,Transylvania
10825,Miyuki Sawashiro
11220,Apulia
4976,Mark Irwin
401,Rachel Weisz
2861,Cyndi Lauper
3674,The Curious Case of Benjamin Button
10959,Tony Award for Best Direction of a Musical
14282,broadcasting
4874,protopunk
6180,34th Canadian Parliament
556,Dan Curtis
4304,Andrea Martin
1641,38th Canadian Parliament
1903,Cajun music
5606,Gateshead F.C.
7915,The Killer Inside Me
11130,51st Academy Awards
3554,geometry
11788,John C. Calhoun
1837,Austin Powers: The Spy Who Shagged Me
11677,Hellboy II: The Golden Army
3813,Dal McKennon
14403,Orange
11597,Paul Newman
5556,Persian
5816,Hamilton Tiger-Cats
2088,Walter Becker
6089,AC Omonia
4986,Elaine May
11697,Oahu
5218,food
2851,C. S. Lewis
8185,Universal Motown Republic Group
4424,Big Daddy
5741,University of Santo Tomas
7228,Kuomintang
1723,Coalition Wars
7302,art critic
5694,Confederation of African Football
14120,Ordinary People
10081,Joseph F. Biroc
10742,Greenville
2576,Rush
8653,32nd Berlin International Film Festival
5279,Hannah Montana: The Movie
6200,Hebrew
9172,Star Trek: The Next Generation
944,1912 Summer Olympics
1086,Missouri State University
1248,Turkmenistan
2567,Ritchie Blackmore
12192,Mighty Joe Young
6910,Sangju Sangmu FC
3743,University of Basel
2685,Osamu Tezuka
4652,Nick Cave and the Bad Seeds
12276,Ian Fleming
13595,Margaret Cho
9945,Harrogate Town F.C.
5997,Jeffrey Richman
10211,Indiana University
1244,bassoon
13272,Uma Thurman
8379,Oslo
12780,attention deficit hyperactivity disorder
14171,San Bernardino
8372,Timothy Spall
9922,Paresh Rawal
12644,Django Unchained
12297,16th Academy Awards
14167,Palm Springs
11380,David Denman
10848,2004 NCAA Men's Division I Basketball Tournament
10070,Dina Pathak
1824,black metal
953,Oshawa
153,County Sligo
13864,Saginaw County
3529,CBS Records
7084,S. Epatha Merkerson
13589,A Better Tomorrow
601,Clive Davis
13945,member of parliament
6215,Harry Potter and the Half-Blood Prince
13885,Cumberland County
13416,1980 Summer Olympics
11763,sketch comedy
2401,Jay Mohr
7665,Christopher Hampton
7323,dance film
8173,electronic rock
10995,Marcel Duchamp
13835,Golders Green Crematorium
12177,Bengali Hindus
8711,PHP
9720,The Damned
14402,Montclair
4931,BAFTA Award for Best Sound
11149,Crusades
3667,Craig Carlson
9164,South Korea
5269,Satellite Award for Best Original Screenplay
4063,Stevenage Football Club
5163,James Cayne
2670,Stuart Duncan
5994,Tough Guys Don't Dance
2157,Flushing
14354,Port Huron
13641,Skagit County
9485,Gregory Hoblit
141,28 Days Later
3803,Conservative Party of Canada
12359,68th Golden Globe Awards
7673,National Institute of Dramatic Art
7101,"Primetime Emmy Award for Outstanding Writing for a Variety, Music or Comedy Program"
12286,Montgomery County
12537,Savages
349,Brunel University London
13807,Merrimack County
2107,Death Row Records
7374,law
9813,Ulysses S. Grant
7086,RKC Waalwijk
10014,Giovani dos Santos
10519,Broadcast Film Critics Association Awards 2009
9252,Andy Ackerman
1624,14th United States Congress
9602,The Hague
9643,Solanum lycopersicum
10691,Adrian
650,Continental Army
10057,Auburn Tigers football
2784,The Notorious B.I.G.
1921,Dominic Monaghan
4265,Alan Menken
1941,Steven Van Zandt
13802,Camden County
2732,Pat Metheny
10622,Chelmsford City F.C.
5725,Oklahoma City University
12811,Museum of Modern Art
2334,Astoria
4784,Rosemary's Baby
5229,Nicholas Tse
10530,Natalie Portman
2916,Babyface
6289,Harvard University
10303,Baltimore
14218,Daytona Beach
10706,Emma Stone
8203,Saeed Jaffrey
2731,David Bowie
776,New Plymouth
6145,War on Terror
6077,Gordon Brown
8594,Dragon Ball Z: Bojack Unbound
2900,Diana Ross
14457,Greenville
6181,Johnny Cash
3869,Who's Afraid of Virginia Woolf?
14393,Greenwood
1029,C. J. Cherryh
7507,Alison Brie
7078,Jon Polito
13724,Multnomah County
5813,Grover Cleveland
725,Daniel Day-Lewis
3449,Richard Hammond
8311,novel
11137,Lombardy
13618,Seine-et-Marne
4824,59th Primetime Emmy Awards
12769,"Synecdoche, New York"
7150,Syria national football team
8292,Josh Charles
825,biography
8642,Pixies
12350,Drive
8772,Alvin and the Chipmunks: The Squeakquel
5562,Drake Bell
2360,Stevens Institute of Technology
4837,urban contemporary gospel
11874,Cardiff City F.C.
10472,Hereafter
13691,Davidson County
13609,Champagne-Ardenne
14224,Rome
1112,Paris Saint-Germain
8631,Purdue University
8342,non-steroidal anti-inflammatory drug
5058,Robert Loggia
13898,Polk County
3470,Elmore Leonard
8187,David Milch
4583,Shrek 2
731,Glen Campbell
9716,Udo Kier
8115,George Barnes
12770,Austria
309,Zsa Zsa Gabor
1702,British Empire
12147,Ice Age: Continental Drift
4412,BAFTA Award for Best Special Visual Effects
5650,Great Britain
12134,Dhaka
11587,Stuart Craig
12542,Claudette Colbert
11626,The Phantom
11620,Lille
10408,Hugo Friedhofer
5378,sludge metal
10936,The Greatest Show on Earth
13156,Croatian
2375,Tuskegee University
7558,Los Angeles Dodgers
14034,Cannes Film Festival
5840,Maureen Stapleton
6663,Paul Sylbert
9097,art of sculpture
12792,Gloucester
13454,Jessica Tandy
7000,The X-Files
10918,Republic of Macedonia
7486,Lemony Snicket's A Series of Unfortunate Events
13972,Chevy Chase
277,Corpus Christi
11009,2008 NCAA Men's Division I Basketball Tournament
7456,Dilys Award
8655,39th Berlin International Film Festival
4086,University of Chicago Law School
6033,Richard Linklater
2774,visual effects
9525,Judge Dredd
6509,Pye Records
8202,IFC Films
14223,Albany
6995,Jackson
124,William Powell
6310,Ross County F.C.
9208,Saint Vincent and the Grenadines
7529,lacrosse
10902,Dragon Ball Z: Lord Slug
5284,Independent Spirit Award for Best Director
12489,Attack the Block
10243,Creed Bratton
9647,Thirty Years' War
4846,Jason Schwartzman
11738,Rowan Atkinson
5754,Seattle metropolitan area
4350,Hanshin Tigers
6348,liver cancer
4372,Munich
7299,Joe Jonas
1988,Copenhagen
13822,Quetta
9107,Switzerland
5022,Sweden national football team
647,Kris Kristofferson
4463,Frenzy
1770,Cabaret
5880,Lauren Ambrose
6848,North Korea national football team
2569,Tennessee State University
9379,A Place in the Sun
8505,Papua New Guinea
7354,Marriott International
4231,Southern Illinois University Carbondale
636,Christopher Walken
8314,Jesse Louis Lasky
5952,Golden Raspberry Award for Worst Actress
240,Hildesheim
9539,Thomas Alva Edison
5793,Clark Atlanta University
8523,Puerto Rico
9411,PFC Beroe Stara Zagora
8007,Shankar Jaikishan
4687,Barney Miller
11777,UNK_9
5005,Vantage Point
6222,neo-noir
1844,University of Alberta
4981,2008 Grammy Awards
10562,Brittany
1725,Oregon State University
8443,Pran
9937,Vernor Vinge
5519,Colleen Dewhurst
10640,Gustavo Santaolalla
13237,Chris Claremont
10535,Nagesh
6854,C.D. Chivas USA
2457,West Berkshire
11326,Tom Jones
5571,Roland Emmerich
12368,Pina
9606,Ryan Murphy
11934,Santa Fe
12947,indigenous Australians
8250,North Dakota
9301,Larissa F.C.
2027,Dave Navarro
4580,Bernie Mac
1178,The Young and the Restless
11522,Iraq
1829,LeBron James
14471,Oriel College
7833,Teri Polo
7706,Merlin
12086,Zagreb
2497,Cam Clarke
10721,Allentown
3369,bass clarinet
10103,Japanese yen
32,Sikkim
8805,Pyrenees
8358,Spinefarm Records
11915,Corsica
9615,Brian Drummond
7370,Peter Hyams
6500,Hunter S. Thompson
13212,Dial M for Murder
11032,Tony Award for Best Featured Actress in a Play
271,Garland
11720,Frederick
7461,CWA New Blood Dagger
12233,33rd Academy Awards
9096,sociology
7605,The Sea Inside
9019,Euro disco
14157,Whittier
12964,United States Fish and Wildlife Service
486,Alan Arkin
13744,Springfield
9336,short story
966,Shizuoka Prefecture
6802,South Korea national football team
12891,Bonnie and Clyde
2533,Maverick Records
1146,Italy national football team
14529,Hillsboro
4752,Linda Cardellini
5290,Sal Buscema
3240,independent film
2140,Launceston
12777,Chronicle
10316,Eat Bulaga!
7259,The Station Agent
13719,Bucks County
4359,Das Boot
13008,Alachua County
5914,Greenwich Mean Time
925,comedian
5787,Lee Majors
12188,Tucson
8619,photography
12745,Daytime Emmy Award for Outstanding Talk Show
8447,Bruce McGill
10163,Thelma Schoonmaker
2815,Joe Strummer
10559,United States dollar
364,Bill Evans
12616,To Rome with Love
10470,Andrea Romano
5913,Donald Crisp
12494,Dead Man Walking
3069,Chicago Cubs
4812,Wellington Phoenix FC
250,Manhattan
2465,Republic of the Congo
2799,Randy Quaid
11608,ECW on TNN
11127,45th Academy Awards
10004,William Henry Harrison
3062,"Gap, Inc."
723,Hugo Weaving
11131,54th Academy Awards
13543,prostate cancer
2038,Framingham
13309,Recreativo de Huelva
3358,William H. Macy
2736,Seal
3695,Pepperdine University
3677,Sovereign Military Order of Malta
14237,Kankakee
1714,UNK_2
14073,The Super Dimension Fortress Macross
9931,Paquito D'Rivera
308,organ
3519,selenium
9367,Little Children
11356,Derby County F.C.
7921,FC Torpedo Moscow
10348,Festival Records
3297,Judd Nelson
943,stoner rock
4033,Wycombe Wanderers F.C.
10598,Cary Grant
12402,The Queen
8131,Patrizia von Brandenstein
8862,Enron: The Smartest Guys in the Room
6191,Clemson Tigers football
4979,Alex Graves
1097,Tim Allen
3097,Harlow
4500,folic acid
13816,Washoe County
2860,MGM Records
9947,Harry Shum
10440,family
11096,54th Primetime Emmy Awards
6526,Spartak Moscow
10676,Bel Ami
3968,Ryan's Hope
5555,Hollywood Pictures
5837,Georg Wilhelm Friedrich Hegel
4173,David Hyde Pierce
1278,Labour Party
4394,Claude Berri
10579,Richard Edlund
13779,Buncombe County
6189,UNK_23
905,Saskatoon
7379,2010: The Year We Make Contact
7515,Connecticut Whale
5515,Horace Mann School
9562,Texas A&M University
9087,Star Wars
6258,roots rock
623,West Coast hip hop
5859,judo
2372,Aimee Mann
1895,Columbus Crew SC
5314,Avi Arad
13363,percussion instrument
3320,Patrick Gallagher
6547,Zooey Deschanel
12789,Monza
7835,Seymour Cassel
7631,leukemia
5419,Lance Henriksen
6984,John Locke
1576,Timmins
7785,Moon
8995,Justina Machado
13832,Chatham County
9958,Footloose
4430,Trinity College
11996,Charlie Parker
8680,Transformers
6900,Bullets Over Broadway
10318,Todd Rundgren
9788,The Amazing Race
4004,freemasonry
7618,Chapman University
3944,Samson and Delilah
13019,Peking University
10815,Aaron Shure
8144,Iqbal Theba
5481,Kenan Thompson
4546,Xavier University
11025,Germany in Autumn
13541,Joseph Fiennes
12200,Ferris Webster
2901,Cornell Law School
1826,Blizzard Entertainment
9632,The Clash
11552,Brazoria County
2259,Anna Faris
7260,The Patriot
4703,Demolition Man
8255,nebula
10407,Jumper
2577,Carl Friedrich Gauss
8067,15th Screen Actors Guild Awards
3231,cartoon
14074,Dothan
8220,Andrea Bowen
7224,Kylie Minogue
9192,Dennis Muren
4060,Morecambe F.C.
3522,investor
8533,First Continental Congress
10683,Orlando Bloom
4868,Eurasia
4533,UNK_10
2298,cult film
1144,University of Northern Colorado
687,Billy Ray Cyrus
4131,Simon Baker
182,Music of Japan
4585,Michael Clarke Duncan
875,Hibernian F.C.
3891,December
5847,Mary Lynn Rajskub
338,Will Smith
2962,Ontario New Democratic Party
4522,Freddy Got Fingered
8747,Thor
4227,Tilda Swinton
2180,Cayman Islands
13406,Lancaster
1200,Blythe Danner
12839,Philadelphia Flyers
159,businessperson
13351,Australian dollar
6336,heavy metal music
3558,2004 Major League Baseball season
13116,Edward Lachman
931,Nagano Prefecture
9399,Jennifer Coolidge
6820,Connecticut Huskies men's basketball
9679,The Troubles
10585,The Virgin Suicides
11468,Baltimore County
7829,Minnesota
790,Benito Mussolini
13590,gong
12923,Boston Bruins
12956,Beasts of the Southern Wild
2542,Hudson Soft
12931,Bedford
5380,John Waters
12285,Hokkaidō
13314,Spellbound
14476,St Hilda's College
13203,Wolverhampton
4380,Toni Braxton
1255,Brian De Palma
9432,Tom Hollander
8474,Lantana
8764,Pyotr Ilyich Tchaikovsky
13653,Winchester
7692,general contractor
11397,2010 Sundance Film Festival
10925,spy film
11930,Hartford
193,Donald Pleasence
13136,Polk County
13940,Lufthansa
5110,Kelly Macdonald
917,Lana Turner
10459,Jeff Meckstroth
6805,Helsingborg
6334,Houston Texans
4775,Breakfast on Pluto
10939,The League of Extraordinary Gentlemen
13,Amy Grant
5057,electric guitar
13117,High Noon
3688,Mukesh Rishi
1158,Synthpunk
3061,Bruce Greenwood
4456,Jeffrey Combs
9406,66th Academy Awards
11431,Screen Actors Guild Award for Outstanding Performance by a Female Actor in a Miniseries or Television Movie
1481,Lynn Redgrave
9629,Tennessee
8803,The Da Vinci Code
13698,York County
5319,Brian Cox
8536,Samantha Mathis
11357,Primetime Emmy Award for Outstanding Animated Program
3858,Before the Devil Knows You're Dead
12857,(E)-phytonadione
4548,Emily Watson
9917,Andy Samberg
8078,High Sheriff
10972,tin whistle
12387,RCD Espanyol B
10079,Yugoslavia
10923,George III of Great Britain
9824,university
10278,Latin Grammy Awards of 2005
11714,Mitchell Leisen
290,Ziggy Marley
9981,William Gibson
6690,Joshua Malina
720,Cape Fear
2937,Bill Fagerbakke
413,Aleppo
3686,Natalie Cole
5900,Sporting Clube de Portugal
286,Philip Roth
7572,Perth Glory FC
12278,Michael K. Williams
13124,County Waterford
2847,Bow Wow
11815,Broome County
3636,Donald Sumpter
4153,Madeline Kahn
12992,Tim Blake Nelson
1592,Isfahan
5691,EFL Championship
13052,Minnesota Timberwolves
10176,experimental rock
6302,Kal Penn
698,a-ha
1375,Geraldine Page
605,Rick Springfield
12096,Hispanic
4317,West Norwood Cemetery
9724,Gate Keepers 21
9571,The Matrix
6173,Georges Delerue
7301,All the King's Men
11087,Rockville
8233,South Korea national under-20 football team
6496,Hearst
7830,Missouri River
2188,Central African Republic
9168,stop-motion
11511,Final Destination 5
9645,The Crying Game
6096,Bohemian F.C.
13250,movie theater
7775,Mozambique
9700,Howard Gordon
3348,cowbell
922,Markham
12347,Gold Coast
1329,Changsha
4963,The Diving Bell and the Butterfly
1538,Rob Schneider
6738,One Tree Hill
12518,Imperial College London
10850,2001 NCAA Men's Division I Basketball Tournament
7635,hairdresser
3629,David Cronenberg
13161,Z
2274,Vanderbilt University
6075,Ben Folds
11056,78th Academy Awards
1175,National Baseball Hall of Fame and Museum
14501,Andhra Pradesh
12247,Columbia
2395,Miami University
4751,In Bruges
10353,FC Illichivets Mariupol
4679,Grammy Award for Best Large Jazz Ensemble Album
10299,Milan
11263,Jules Bass
10218,The Mirror Has Two Faces
5857,James Joyce
7357,Godzilla
133,Joe Biden
6060,Ashok Kumar
3075,Virginia Military Institute
354,Billy Bragg
2138,Riot grrrl
4879,Ranjeet
5315,Brian Henson
968,Ibaraki Prefecture
11166,Carole Lombard
2245,Simon Cowell
150,Fremantle
12640,67th World Science Fiction Convention
12077,Innsbruck
9458,James Poyser
12940,Second Sino-Japanese War
10188,vocal jazz
5266,Food Network
1245,San Pedro
1315,Vietnam
11751,Le Monde's 100 Books of the Century
10675,Hong Kong Film Award for Best Director
99,Inner Hebrides
13335,San Bernardino County
13534,Kent County
2526,Columbus
9345,111th United States Congress
7208,Kurt Vonnegut
2171,Brian Tyler
12193,Sayaji Shinde
439,Mississauga
5584,Ali Larter
12798,progressive metal
3125,Julianna Margulies
4597,gold medal
11967,vitamin B6
2973,Burgess Meredith
113,Christina Aguilera
2308,Kenny Loggins
8663,Kari Wahlgren
11164,Edward Albee
5478,John Landis
1720,Trevor Rabin
3230,boom operator
9450,Christopher McCulloch
1709,Batman & Robin
9924,Kathryn Joosten
9106,South Dakota
10391,George W. Bush
3819,Oklahoma!
13512,Robert Mitchum
14018,Gatineau
4744,Stanford Cardinal football
5017,Fernando Trueba
9791,drama film
8323,C.F. Os Belenenses
10365,Martin Heidegger
3963,Licence to Kill
11057,Jonathan Murray
10331,Ty Burrell
12314,Invincible
11963,Garret Dillahunt
10309,Stevie Nicks
13624,Fremont County
3733,United National Party
10604,Primetime Emmy Award for Outstanding Supporting Actor in a Comedy Series
221,Al Green
4553,romance film
10581,Roberto Orci
9269,Sergei Prokofiev
51,Groundhog Day
5113,French invasion of Russia
10872,Soul Surfer
7739,Roy Carroll
4712,MCA Records
3253,Raj Kapoor
2251,Lindsay Lohan
2997,1993 Grammy Awards
8498,Zoe Saldana
9836,The Producers
9754,Tagalog
10565,Otto Preminger
7392,medical novel
5733,Guernsey
4336,Pasadena City College
8225,Marvin Hatley
3912,Young Frankenstein
5523,"Presidency University, Kolkata"
7096,Sydney F.C.
7389,Antigua and Barbuda national football team
8099,New York
4798,Pittsburgh Panthers men's basketball
13042,Cleveland Cavaliers
4,Lubbock
10895,Primetime Emmy Award for Outstanding Supporting Actress in a Miniseries or a Movie
4530,screamo
11432,Screen Actors Guild Award for Outstanding Performance by a Male Actor in a Miniseries or Television Movie
12312,Pennsylvania's 12th congressional district
7518,Manchester Monarchs
13800,Cumberland County
5922,George Cukor
4337,Marv Wolfman
1962,Tony Award for Best Play
10313,Bristol
5449,Camryn Manheim
6063,East Germany
10656,Where the Wild Things Are
9135,Solar System
12217,Flagstaff
12,Ogden
5671,DodgeBall: A True Underdog Story
5138,Hulk
6573,The Green Mile
12762,University of Edinburgh
13628,accordion
1601,Jonathan Winters
12606,Raymond Burr
6432,The House of Mirth
6420,architecture
11543,Elizabeth II
13407,Todd McFarlane
8146,Northern Ireland
1220,The Flintstones
13457,Upland
13736,oud
1925,Walter Model
7388,Rules of Engagement
11684,Nobel Prize in Literature
11703,cinematographer
10924,Carl Jung
8222,Kundun
120,Steve McQueen
11267,statistician
11411,The Devil's Double
12850,Newark
3338,reggaeton
12764,Wilkes-Barre
7980,Junichi Inamoto
3820,Baltimore metropolitan area
961,Fukuoka Prefecture
9249,Deborah Ann Woll
5277,2003 Major League Baseball draft
7261,Indiana University of Pennsylvania
14391,Bloomington
2332,cymbal
3508,Great Patriotic War
4718,Entertainment One Music
9932,Vanuatu
6406,swamp rock
3812,Daytime Emmy Award for Outstanding Drama Series
5769,Paul Schrader
8020,Helsingborgs IF
13499,Jim Carrey
274,Odessa
6799,Senegal national football team
2748,Nicolas Cage
5670,Around the World in 80 Days
7713,monarch
9677,The Town
6642,Italo Calvino
13055,Alan Alda
3158,Kilmarnock
11528,Democratic Party
4435,Peter Graves
5597,Meet the Parents
8572,Pennsylvania
2956,Progressive Conservative Party of Ontario
4564,University of North Carolina School of the Arts
1581,Rykodisc
14178,San Mateo
4014,Lee J. Cobb
325,Timothy Dalton
2436,County Mayo
8669,Joseph Gordon-Levitt
6158,14th Screen Actors Guild Awards
5794,History
2243,"Macy's, Inc."
12416,Boaz Davidson
8781,Jean Passanante
2600,Berkshire Hathaway
13277,German Shepherd dog
1706,Uttar Pradesh
2940,Grace Jones
3237,Communist Party of China
3722,Kareena Kapoor
6498,software engineer
6582,day school
2160,Ghent University
14113,First Crusade
7378,Brad Bird
8774,Milt Franklyn
12639,The Sting
10330,lo-fi music
14163,Laguna Beach
7671,Mack Sennett
6152,Gil Kane
1323,Rivers Cuomo
4120,David Angell
7874,Montana
14365,Gulfport
6898,Suwon Samsung Bluewings
7263,John Spencer
11359,fever
1224,Noel Gallagher
4320,linebacker
5628,Gothenburg
5134,Grammy Award for Best Traditional Tropical Latin Album
5341,fencing
363,Mary Steenburgen
7480,Lars von Trier
9533,Scottish American
11172,Anthony Mackie
7008,Estudiantes de La Plata
7352,Jan de Bont
4634,St. Elsewhere
6129,Howard Hawks
11749,Clifton Collins
2857,Auburn University
5738,Zach Braff
8390,Omnichord
1681,Skate punk
10000,William Morris
13447,Alps
11908,urban planner
4778,FC Bayern Munich II
1660,French Third Republic
11151,Sunshine
9115,saxophone
5728,Grenada
1738,TLC
7704,Mexico City
7266,Richard Roundtree
7287,Prabhu Ganesan
4897,centre
2643,SM Town
7031,J. K. Simmons
7118,Juhi Chawla
5197,flugelhorn
5265,Japan Academy Prize for Animation of the Year
1578,Baku
2437,The Cotton Club
7039,Sienna Miller
11615,Manivannan
12989,Dordrecht
11753,Riyadh
12682,The Other Boleyn Girl
7511,Gettysburg
5747,grey
6224,Method Man
5706,Tom Skerritt
6653,Neal McDonough
6120,Yash Chopra
5782,smooth jazz
11463,Forward-center
14436,A.F.C. Ajax
2854,Marilyn Bergman
6712,Chris Botti
10364,Mickey's Magical Christmas: Snowed in at the House of Mouse
6239,AC Sparta Prague
2747,Moby
1980,Carmen Electra
14356,Austin
3227,solo
6668,Peter Tolan
7678,Mahesh Bhatt
2001,Tom Kenny
8564,Paula Abdul
3840,David Fincher
11222,Taliban insurgency
7484,Fortune Global 500
67,L.A. Confidential
3243,new jack swing
4527,Ray Stark
838,Surrey
12208,Yangon
11882,L.A.S.K. Linz
9194,Los Angeles Chargers
8938,research
11662,Cherokee
247,Miss Universe
2228,Jack Nitzsche
12492,I Don't Know How She Does It
6214,Ohio Wesleyan University
1377,University of Adelaide
8456,Ed Lauter
5107,Akshay Kumar
6014,George Benson
383,Pretty Woman
1911,John Hartford
9877,University of Victoria
2470,Council of Europe
5759,University College Cork
1369,presidential system
1784,Asleep at the Wheel
11435,Screen Actors Guild Award for Outstanding Performance by a Male Actor in a Drama Series
8591,Philippines
13611,Adelaide
1469,Jazz Rap
8872,Desmond Harrington
2509,Kandy
2785,Joss Whedon
6427,Grammy Award for Best Mexican/Mexican-American Album
11152,American Beauty
8478,Occidental College
2512,Cairns
42,advertising
5848,igneous rock
2090,Jerry Nelson
8610,Philips
315,Rocky V
12847,Arnold Schoenberg
4681,Empire State Building
12970,United States Department of Housing and Urban Development
8936,Richard Feynman
2095,BeBe Winans
9117,Sonic Team
8737,Freddie Francis
4915,Murali
6070,Mos Def
3244,Carol Kane
11487,Bhopal
8941,romantic comedy
2170,MGM Resorts International
5485,Kuch Kuch Hota Hai
8553,Richard Griffiths
2811,Morrissey
5194,Alan Tudyk
11341,Melbourne
10195,Ian James Corlett
5604,Sean Hayes
3828,Dorothy Canfield Fisher Children's Book Award
1686,k.d. lang
1492,VH1
1883,Diamonds Are Forever
7560,Warner Home Video
9189,Franklin & Marshall College
11182,Insidious
6137,television producer
8748,The Avengers
8037,Kevin Dunn
10980,Primetime Emmy Award for Outstanding Guest Actor in a Drama Series
17,Bellevue
4858,Halifax
13742,military branch
1054,Halle
13570,Michael Curtiz
12479,Selangor FA
5707,University of New Orleans
5456,Amblin Entertainment
12107,Kochi
3341,Carl Weathers
3130,Bravo
7267,Lesley Ann Warren
13341,Athletic Club
8408,osteoporosis
2214,Cooper Union
9941,Viborg FF
5394,Garry Shandling
2709,Elton John
13139,Jaws
7563,Margot Kidder
11453,Steven Levitan
10824,Carrie Preston
3068,Cape Town
10279,6th Screen Actors Guild Awards
4278,Kids' WB
5783,Creighton University
6100,Lincoln University
8484,68th Academy Awards
7720,Cooking Vinyl
4517,University of Toledo
10944,Taraji P. Henson
3510,manganese
11413,Cave of Forgotten Dreams
4066,Arbroath F.C.
10626,Made in Dagenham
14090,Bakersfield
8726,Pyrus
5790,James E. Sullivan Award
3707,Jim Jonsin
2317,Isabelle Adjani
13501,Fred MacMurray
9266,Seattle Mariners
11813,Memoirs of a Geisha
11197,37th Academy Awards
13293,Fresno County
9026,Paul Dini
5656,Renny Harlin
3134,James Brolin
1261,composer
8524,popular music
7642,lute
4705,Bob Kane
3925,CBS Radio
6670,Cadillac Records
1167,Verity Lambert
2770,Lil Jon
13006,Nine Inch Nails
7256,Michael Sembello
598,Jiangsu
1554,blue
12430,Seven Brides for Seven Brothers
8525,petroleum
1617,6th United States Congress
8643,Philadelphia Phillies
1049,Madurai
12908,UNK_8
11110,track and field
11941,Dallas
6740,"Carlo Ponti, Sr."
2113,Bill Maher
3056,Paul Weller
8951,Akiva Goldsman
14016,Heidelberg University
14387,Afrikaans
1141,Grant Morrison
2203,Lloyd Bridges
2479,Fran Drescher
6572,Ingmar Bergman
8151,Namibia
3270,Daniel Inouye
14040,Charlotte Gainsbourg
6210,Harlan Ellison
10998,Conan O'Brien
14320,Pittsfield
3642,Epic Movie
6048,Rishi Kapoor
5122,Merv Griffin
12050,ambient music
10601,Robbie Williams
2582,Kingdom of Sardinia
4490,cardiovascular disease
3058,Jessica Alba
12463,bluegrass music
8986,Larry Miller
4614,outfielder
12637,Modena
9874,University of Toronto
7839,The Brothers Grimm
1142,George A. Romero
11825,Independence Day
12361,DL-methionine
8897,Russian
14128,Funkadelic
3542,From Russia with Love
6685,Grambling State University
12585,Robert Greenhut
11913,Ray Milland
1761,Seton Hall University
12291,13th Academy Awards
11304,post-metal
4310,Mortal Kombat: Annihilation
7313,Chinese Filipino
7088,Codemasters
9806,Utah
12783,monster
12990,Afghanistan
2011,melodrama
11665,Oakland
11858,Green Day
11676,Alzheimer's disease
3872,Wanted
12589,Nelson
3888,Lyle Lovett
2862,Little Richard
4447,education
10403,Kannada
7416,The Opposite of Sex
7050,Curly Howard
9576,Nunnally Johnson
11486,Madhya Pradesh
3864,beat music
7911,Montreal Expos
14275,Morgan State University
2873,AFC Wimbledon
10335,Pashtun people
12178,Satellite Awards 2010
4383,Eastern Time Zone
4994,Up
13290,Contra Costa County
11402,Craig Robinson
11561,Chinese American
13251,TNT
4244,MTV Video Music Award for Best Cinematography
532,Georg Solti
259,Independence
7251,Sideways
10914,Nebraska Cornhuskers football
9884,acute cystitis
5841,Thomas Mitchell
890,Guy Pearce
6025,Paraguay national football team
6741,Deram Records
1961,Odisha
8738,Vadivelu
4971,Epic Games
11004,Emory University
9882,University of Durham
132,Bob Newhart
4661,Bill Berry
12395,Northumberland
8340,newspaper
12183,Gelderland
13814,Reese Witherspoon
6350,Husbands and Wives
13553,Fujian
4799,Daytime Emmy Award for Outstanding Lead Actress in a Drama Series
10717,make-up artist
8381,Oman
14077,Auburn
3487,MADtv
10847,2002 NCAA Men's Division I Basketball Tournament
1020,biochemistry
9211,Sierra Leone
4801,Jamie Kennedy
12403,virus
2570,George Burns
2186,mangaka
979,bass guitar
13330,Ilaiyaraaja
9383,Stuttgart
5463,Shawn Wayans
13157,Jerry Garcia
9873,United States Department of the Air Force
14336,al-Qaeda
8073,Marcel Proust
3694,Ernest Haller
1218,Brown University
6747,Oklahoma Sooners men's basketball
11895,Eton College
5015,Bosnian War
13318,Humboldt County
962,"Bernard Law Montgomery, 1st Viscount Montgomery of Alamein"
3672,Red Road
10420,Houston Dynamo
4215,King Kong
2964,Rachael Leigh Cook
2824,Billy Preston
8547,Kate Nelligan
8015,James Denton
13254,Jackson County
12248,University of Westminster
2741,Harry Nilsson
2668,Bates College
738,The Madness of King George
4104,THQ
6679,Clancy Brown
4739,McCoy Tyner
11643,Philip Johnson
9852,Zodiac
11871,glockenspiel
385,Star Trek: Nemesis
8121,project management
5199,contemporary folk music
4386,Grammy Award for Best New Age Album
12732,Friedrich Schiller
10537,Kevin Betsy
12583,psychedelic pop
7164,Crossroads
12512,Moonrise Kingdom
9257,steel guitar
8098,North Sea
10831,1980 NCAA Men's Division I Basketball Tournament
318,East Riding of Yorkshire
14484,Minot
8928,Jerry Weintraub
11399,Puss in Boots
4042,Lincoln City F.C.
4251,MTV Video Music Award for Best Video from a Film
6291,"Harry Connick, Jr."
6040,Edison Medal
2581,Stephen Hawking
8600,Bruce Timm
5543,Filipino American
5474,Los Angeles
14012,Selma
9014,rhythm and blues
11559,Overseas Chinese
4428,Bayer 04 Leverkusen
14027,Owensboro
5909,Loyola Law School
9236,National Security
3685,costume designer
8709,President of the United States of America
12036,Jonah Hill
11755,Sherlock Holmes: A Game of Shadows
6166,Gene Colan
7782,Deportivo Toluca F.C. pito joto
983,parliamentary system
529,James Whitmore
11477,Walter Hill
5363,blues rock
3886,Bachelor of Fine Arts
11124,48th Academy Awards
1636,Ann-Margret
13184,Worcester County
4811,Ponyo on the Cliff by the Sea
4732,Fred Thompson
1184,Art Center College of Design
8023,Montenegro
13098,E.T. the Extra-Terrestrial
6513,tenor saxophone
13419,George C. Scott
11649,Superman II: The Richard Donner Cut
958,iHeartMedia
760,Training Day
4672,Cammell Laird
9507,Verizon
3861,Millwall F.C.
3226,Waseda University
7278,Club Nacional de Football
7052,Sharmila Tagore
12298,Bernie Brillstein
7826,Mississippi River
10719,Scranton
3030,Korean Broadcasting System
5598,Austria national football team
6486,harpsichord
7846,mythology
327,Harry Belafonte
13741,Pomeranian Voivodeship
4271,Grammy Award for Best Pop/Contemporary Gospel Album
4860,Dean Cain
3332,City College of New York
6093,Grinnell College
3408,cholera
9392,Seventh-day Adventist Church
6876,Sylvia Sidney
123,Inverness
10832,1983 NCAA Men's Division I Basketball Tournament
10486,Vanessa Hudgens
10262,PFC Spartak Nalchik
735,Richard Crenna
14358,Augustine of Hippo
8556,propaganda film
4168,Depeche Mode
9890,University of Canterbury
10347,Glen and Les Charles
9666,USC Trojans football
2127,Kenny Rogers
6601,CA Osasuna
13196,Tootsie
9644,Elliot Goldenthal
7248,Province of Naples
3634,Outlaw country
3871,I Shot Andy Warhol
13022,Duval County
166,Aretha Franklin
9798,Oscar
5349,Cannes Film Festival Award for Best Actress
176,The Pretenders
11504,Columbia
13803,Bergen County
12103,governor
2388,Chris Columbus
1368,Aaron Sorkin
1091,Maidstone
13683,Galveston County
7058,An Early Frost
8542,Pakistan
9721,Peter Facinelli
1017,big beat
6991,The Informant!
8686,male organism
1712,Michael Stipe
1662,June Carter Cash
2059,Elmira
8601,psychiatry
1421,ETH Zurich
11496,Alsace
6575,StudioCanal
4864,Arizona Wildcats men's basketball
4549,Kristin Scott Thomas
2285,Fortune 1000
8931,Welling United F.C.
8002,The Crucible
7069,Jacob Zuma
13415,Alan Bennett
11844,Borat
9460,Sundance Film Festival
8212,An American in Paris
8409,UK Film Council
11177,Battle of Passchendaele
358,speculative fiction
14092,Shandong
6514,Justin Spitzer
5051,Erasmus Hall High School
1337,Boston
3973,New York City
993,psychobilly
9339,Helen
3870,The Spy Who Came in from the Cold
14392,Arab
9954,Vancouver
9731,Beowulf
5918,General Electric
10276,Jorma Taccone
6220,Sheila E.
3402,Grammy Award for Best Opera Recording
13798,Gloucester County
10593,56th Golden Globe Awards
9765,Lesley Sharp
12816,Saint Denis Basilica
1616,5th United States Congress
11293,Captain America: The First Avenger
11044,3:10 to Yuma
8823,T. R. Knight
9588,Mario Kassar
1230,Everybody Loves Raymond
12319,Metro-Goldwyn-Mayer
12496,University of London
10892,Miley CyrusCyrus
13155,Serbian
9021,Ralph Waldo Emerson
12284,The Man with the Golden Gun
12712,L-Alanine
2880,Robert Carlyle
8879,samba
12761,Goodfellas
5000,Shining Through
9518,Vincent van Gogh
2585,Lebanese Civil War
6198,The Merry Widow
8992,Match Point
5708,India national football team
10497,2009 World Championships in Athletics
2955,Yanni
9796,Sucker Punch
2111,Lena Horne
1432,1976 Winter Olympics
1819,BC Lions
2240,Portia de Rossi
8953,Bobby Cannavale
10019,David Guetta
9299,South Park
13283,Daniel Handler
4091,Masada
11985,Essex County
3336,Jerry Goldsmith
3808,1985 Major League Baseball season
1968,Stony Brook University
10281,10th Screen Actors Guild Awards
4225,Pat Hingle
1038,Omar Sharif
14154,Pomona
2549,Alain Delon
1107,rocksteady
3654,Dalton Trumbo
14235,Naperville
5332,Gilbert Gottfried
6354,Ryan Gosling
7730,Tracy Morgan
1384,Citigroup
12498,Battle of the Somme
1355,internal medicine
9351,Seattle Seahawks
2417,Rie Kugimiya
14165,Orange
14065,theatre director
6303,Kingdom of Hungary
12132,Colombo
1268,Mark Knopfler
2393,Girl Scouts of the USA
3754,London Film Critics Circle Award for Director of the Year
6722,Emily Osment
4728,Frank Skinner
842,Oh! What a Lovely War
6588,soprano saxophone
4962,Scottish Canadian
651,Pier Paolo Pasolini
4155,George Sanders
6188,De-Lovely
322,Richard Gere
10853,Franco Zeffirelli
12501,mellotron
9447,Estelle Harris
3289,Bancroft Prize
14103,Trainspotting
5826,New Orleans metropolitan area
8842,William Lava
3085,Bank of America
2030,Westport
5503,Lloyd Kaufman
8757,Guillermo del Toro
1023,Lucerne
2961,Imperial Records
7349,Steve Zahn
7910,Milwaukee Brewers
11434,Screen Actors Guild Award for Outstanding Performance by a Female Actor in a Drama Series
3172,Peter Lawford
7103,Brian K. Vaughan
2304,councillor
11960,City of Westminster
10833,1984 NCAA Men's Division I Basketball Tournament
12108,Douglas County
2636,Keith Forsey
14188,Visalia
13497,Languedoc-Roussillon
8495,Paramount Pictures
10460,Eric Rodwell
6574,Isaac Newton
10345,A Streetcar Named Desire
4777,La Dolce Vita
7172,Daredevil
3533,Underground Hip Hop
10775,Jon Vitti
11969,The Name of the Rose
13976,Heaven Can Wait
11704,Brunswick
11036,Montreal Canadiens
4176,Karisma Kapoor
4764,alto saxophone
4871,Humberto Gatica
4002,Four Weddings and a Funeral
9348,Sid James
3760,National Board of Review Award for Best Cast
4349,Metro Detroit
10443,Innocent
11801,Ōsaka
8998,Persepolis F.C.
5006,Penelope Ann Miller
13001,Second Intifada
13991,The French Connection
12008,Mamoru Miyano
4003,NBCUniversal
11538,Georgia
12825,Aldous Huxley
12455,Liberty Professionals F.C.
5090,Chazz Palminteri
14453,Fayetteville
9809,John Brown & Company
11109,John McCain
10646,Angela's Ashes
9595,Iain Glen
4275,Vince Gill
13655,architect
9978,Guns N’ Roses
14191,Thousand Oaks
3752,London Film Critics Circle Award for Actor of the Year
9248,Justin Bieber
7398,92nd United States Congress
11733,Jammu and Kashmir
10718,African National Congress
11461,Justin Cochrane
5580,Frasier
4908,Genie Award for Best Achievement in Overall Sound
11069,business school
430,skeleton
527,Art Carney
14233,Oak Park
7181,Kabul
14399,Ridgewood
4663,Ned Beatty
8364,Deportivo Cali
4825,Mike Barker
8753,William Cameron Menzies
9975,Walt Disney
9767,triathlon
12963,Volusia County
2182,Major League Baseball All-Star Game
1062,Athens
13434,Juneau
12154,Melancholia
2487,Comcast
6594,The Haunting
13983,Stockton
712,Rotherham
14117,Atlantic City
8150,Michael Semanick
6666,Peter Casey
12774,Fred Astaire
7117,Rachel Bilson
9870,United States Navy
14478,Trinity College
9461,Japan Academy Prize for Picture of the Year
8213,Sven Nykvist
12045,Pennine Alps
4540,London Business School
12578,Academy Award for Best Visual Effects
9577,Paul Dooley
4828,Machete
10766,Loyola University Chicago
4353,Grammy Award for Best Recording Package
11251,Reds
2010,Vinnie Jones
7063,Joni Mitchell
13025,art
8267,Saif Ali Khan
7847,ash
11074,Clint Eastwood
8646,David Benioff
6284,Yale School of Medicine
7116,My Sister's Keeper
8695,MTV Movie Award for Best Comedic Performance
7071,γ-tocopherol
11883,University of Vienna
1060,Darjeeling
7005,Togo national football team
9661,The New York Times
11870,vibraphone
14129,Gong
3831,Glasgow School of Art
480,Royal Academy of Arts
3836,Eastern Kentucky University
13073,Calgary Flames
10136,The Proposition
7612,systemic lupus erythematosus
1304,Reprise Records
13847,Wimbledon
7800,Kevin McCarthy
8257,The Believer
12378,Penang
6311,Stirling Albion F.C.
8045,Royal Antwerp F.C
4056,Farnborough F.C.
8427,Oracle Corporation
14217,St. Augustine
12545,Michael Caine
1612,1st United States Congress
6628,David Brown
3896,Tony Randall
3087,Hugo Award for Best Novel
13511,noise music
2435,Maaya Sakamoto
7534,Dalian Shide F.C.
1485,jazz fusion
1148,Sandra Oh
2610,Usher
6244,Gwar
4171,Hi-NRG
13914,Cook County
5819,Guangzhou
3929,David Letterman
8983,Inland Empire
919,Matt Frewer
4364,Patrick Swayze
2976,Stephen Colbert
3559,2003 Major League Baseball season
4690,Texas Southern University
10524,Yale Divinity School
7404,Taking Woodstock
12073,art dealer
11451,Brighton Rock
6211,road cycling
13893,Arlington
4202,Jack Thompson
13769,Franklin County
7451,Sporting Cristal
11584,Bayreuth
6576,patent inventor
12531,Bruce Berman
13523,Mohave County
1656,Billy Crystal
8584,Seth Rogen
8094,new wave music
7163,Robert Morse
8756,Peter Sellers
6954,Jonathan Demme
6551,Eriq La Salle
9569,Taxi Driver
14292,Malden
6999,Jackie Robinson
5934,biographical film
7852,Mo'Nique
14520,Australian rules football
9134,Douglas Slocombe
13504,University of Miami
13901,Marion County
13227,Northridge
11444,The Three Musketeers
411,hurdy-gurdy
1954,Loreena McKennitt
9041,Stirling Silliphanta
13345,Alpes-Maritimes
4558,Erfurt
1570,Ellen DeGeneres
11256,Pulitzer Prize for Fiction
13404,Belo Horizonte
10076,Yukon
9335,samurai
1439,BBC One
9100,South Australia
6987,The Life Aquatic with Steve Zissou
2455,Sarah Lawrence College
1595,Member of Congress
13841,Portsmouth
8921,Richard Nixon
2438,Joan Plowright
12921,Crewe Alexandra F.C.
11063,Leonard Bernstein
1705,SNK
2657,Cologne
11002,Second Boer War
9125,David Robb
7334,Jun Fukuyama
10344,liver cirrhosis
12984,Utah County
13519,Coconino County
3442,Forfar Athletic F.C.
5475,Jerry Wald
9093,science
13558,Olivia de Havilland
3150,University of Leicester
1125,defensive back
12366,Live and Let Die
1027,Royal Leamington Spa
7726,The Adventures of Pluto Nash
10736,York
3041,University of Windsor
12584,Jon Stone
7845,Don Heck
3149,Ridgefield
13010,civil union
10047,William Goldman
1739,David Lee Roth
6042,Greenwich Village
3880,Once Upon a Time in America
14383,Aaliyah
8566,Scott Pilgrim vs. the World
9163,sound
11162,Water for Elephants
8407,Munhwa Broadcasting Corporation
4866,Special Tony Award
1100,Charterhouse School
3835,California Polytechnic State University
10629,Jackass 3D
10441,Roger Zelazny
11731,medical drama
10220,Rot-Weiss Essen
2046,Andy Griffith
9391,Sam Raimi
13593,The Goonies
3005,Darryl Hannah
3433,Sony Pictures Classics
9232,Swaziland
5395,"Rich Man, Poor Man"
1572,Kevin Kline
8596,C.D. Tenerife
13789,Carroll County
6874,Portland metropolitan area
6367,Interactive Advertising Bureau
13200,Roscoe Arbuckle
11706,Ghost Rider: Spirit of Vengeance
2324,Srinagar
7430,Constantine
8787,The Girl with the Dragon Tattoo
418,Hans Zimmer
14493,Broadcast News
10137,The Fast and the Furious: Tokyo Drift
11592,Brothers & Sisters
10154,Walter Wanger
3223,Keio University
9344,Leah Laiman
9288,Hollywood High School
1448,Ragtime
12659,CBS Schoolbreak Special
14186,Santa Rosa
14051,That Thing You Do!
7403,2008 Toronto International Film Festival
667,James Woods
1843,Hikaru Utada
12561,Academy Award for Best Animated Short Film
9375,Satyajit Ray
7219,Calcio Catania
7787,Melissa Leo
4835,Shackleton
9634,Joanna Page
7156,Unfaithful
5240,Maurice LaMarche
7520,Syracuse Crunch
13324,The Robe
9752,teen drama
12757,National League
9500,Stan Lee
5991,Michael Phelps
6035,Priyadarshan
13525,Pima County
11212,All the King's Men
198,James Coburn
8881,Blake Lively
1232,Canon Inc.
3147,Chiapas
10653,The Kids Are All Right
7465,Alice in Wonderland
4797,extreme sport
11658,Douala
10404,Trondheim
10759,Brad Grey
11776,The Incredible Hulk
11350,Gene Stupnitsky
5912,Wilson
13477,Witness
2640,sampler
14203,Pensacola
6326,Fox Kids
9166,Carla Gugino
3499,University of Portland
6249,Hermann Hesse
9038,Russian Civil War
12767,Gironde
10181,Mohnish Bahl
4834,The Treasure of the Sierra Madre
282,Appleton
12476,Cloud Atlas
11233,Campania
33,post-punk
915,Blazing Saddles
6237,FC Shakhtar Donetsk
6643,Fred Williamson
11517,New Hampshire's 1st congressional district
801,Peter Frampton
11581,Anthony Burgess
5696,General Hospital
2665,Dick Van Dyke
6013,Mamiko Noto
10770,Coimbatore district
12337,Queensland
12474,Como
8412,Timothy Olyphant
5808,Doug Savant
5019,Eastern Orthodox Church
14095,organization
4651,The Talented Mr. Ripley
13263,The Mary Tyler Moore Show
992,Plovdiv
7813,Bipasha Basu
12067,Dalip Tahil
6962,Dick Wolf
3177,Greenock Morton F.C.
11214,Boca Raton
12441,Mark Damon
2863,Allan Holdsworth
1779,thriller
2838,cholesterol
7213,Karnataka
3698,Duke Blue Devils men's basketball
4567,Kevin Pollak
3415,Grammy Award for Best Spoken Word Album for Children
13548,Ferris Bueller's Day Off
2808,Mercury Records
8913,Ronald Reagan
36,Carl Stalling
3842,John Bailey
11547,Aspen
13829,London Borough of Hackney
7965,Bill Payne
14357,archery
8612,Jesse McCartney
9260,Rise of the Guardians
1812,University of Pittsburgh
57,Apollo 13
3221,Anthony Edwards
1990,communication
1423,The Matrix Revolutions
12977,Cache County
7053,The Grudge
21,Spokane
2858,University of Alabama
12615,Resident Evil: Retribution
6982,Neal H. Moritz
3333,St. Johnstone F.C.
9756,Tel Aviv
619,Matt Damon
425,Ben Affleck
11667,astronomy
10744,Spartanburg
1885,Wild Wild West
8739,Patrick Loubert
7680,Imagine Entertainment
10225,The Spiderwick Chronicles
14494,Hattiesburg
5800,Zimbabwe national cricket team
12529,hip hop music
6597,The Scorpion King
921,Cheap Trick
3337,Infernal Affairs
10600,Halloween
1869,Luther Vandross
7994,musical
2036,Waterbury
8535,H. Jon Benjamin
9149,Fat Possum Records
9298,Suffolk
8860,E.S. Troyes A.C.
10155,Flags of Our Fathers
1534,Vincent Gallo
10753,Glen Morgan
13051,Memphis Grizzlies
7750,Mauritania
6884,U.D. Leiria
874,Juilliard School
4612,Essex
209,AC/DC
3682,Latin Grammy Award for Best Male Pop Vocal Album
12128,puppet
12043,Oneida County
9027,riboflavin
12120,Goya Award for Best Actress
8025,DreamWorks Animation
14313,Bangor
5179,association football
882,Carly Simon
4460,Elvis Presley
5012,"California State University, Fullerton"
6246,Eintracht Frankfurt
2571,Rank Organisation
11146,Moneyball
8218,Xander Berkeley
5509,David Strathairn
507,Aamir Khan
9537,tennis
9009,Robert F. Kennedy
8332,Governor General's Award for English-language poetry
6269,Emily Mortimer
6620,University of South Carolina
13900,Porter County
1495,The Beach Boys
12504,African Union
12949,Commonwealth of Nations
8290,Lauren Holly
14367,Vicksburg
7917,William S. Darling
14254,Anderson
4733,Daytime Emmy Award for Outstanding Younger Actor in a Drama Series
2981,Koreans
2772,Susan Sarandon
10576,DL-proline
8892,M. C. Gainey
11019,Montreal Impact F.C.
2573,contemporary worship music
6638,Miguel Ferrer
184,Ian MacKaye
1728,tech house
10102,Spezia Calcio
9159,soap opera
1226,The Passion of the Christ
1851,Victor Victoria
62,Jerry Maguire
11555,Graz
6261,Herman Melville
11281,The Devil Wears Prada
7474,Veer-Zaara
14208,Coral Gables
10947,1948 Summer Olympics
3451,James Caan
14319,Beverly
12327,Latin American music
9355,San Francisco Giants
10765,London
1139,Doris Roberts
8047,K.A.A. Gent
6221,H. P. Lovecraft
12754,Nunavut
1802,Topaz
12548,Anthony Adverse
8401,Tim Van Patten
3346,tax noncompliance
13376,Merced County
11572,Phoenix
8506,In the Heat of the Night
8662,pasta
4870,Kota Srinivasa Rao
6402,Seann William Scott
9454,Immortals
13458,Ponce
9176,Star Trek: The Animated Series
1939,Carol Burnett
2663,Cormac McCarthy
645,Reading F.C.
13198,Max von Sydow
4404,University of Hartford
1890,Carrie-Anne Moss
12810,Taken 2
508,Carol Reed
2220,Costa Rica
5905,Green Bay Packers
10027,Western Australia
8209,Street Fighter II: The Animated Movie
1877,Black Entertainment Television
897,Jena
10548,THINKFilm
7781,Marilyn Monroe
7036,Bahrain national football team
11479,Associated Press
11076,Boston Celtics
9128,sport
423,triangle
11807,War of the Austrian Succession
2686,Matthew Broderick
11114,Dante Ferretti
10799,Filmfare Award for Best Film
5336,general manager
2923,David J
13966,Butch Cassidy and the Sundance Kid
13639,Spokane County
6537,Filmfare Award for Best Supporting Actor
5518,Fine Line Features
10149,Vinod Khanna
7032,Rita Wilson
2387,Steven Moffat
8824,professional wrestling
4826,La Vie en Rose
7807,Myanmar
2807,Upper Canada College
11721,Vidyasagar
2374,Gigli
8901,Russia
7197,Kuala Lumpur
3258,John Carradine
935,Top Gun
13516,Portishead
4184,James Horner
542,Bernard Herrmann
9651,Deven Verma
10400,Varese Calcio
84,County Laois
2714,Rodney Jerkins
12182,Overijssel
5625,guitar
5438,Brian Keith
6619,Iowa Hawkeyes football
6993,Jacksonville Jaguars
3589,Nebula Award for Best Novella
9776,environmentalist
301,Styx
9310,slavery
7722,Philip Baker Hall
3382,cornerback
5466,Billy Crudup
13246,Andy Warhol
3137,computer animation
12582,Southampton
14256,South Bend
12718,DL-lysine
10388,The Walt Disney Company
13453,1956 Summer Olympics
2798,TobyMac
12859,Nantes
4268,University of Rhode Island
10625,Dalian Aerbin F.C.
6916,Jeonbuk Hyundai Motors
8715,E. W. Scripps Company
13391,Santa Cruz County
9912,post-punk revival
7985,Relativity Media
9177,Star Trek II: The Wrath of Khan
9332,Kung Fu Panda 2
3031,Seoul Broadcasting System
7441,Liberia
12461,2011 Toronto International Film Festival
999,Chris Tucker
1619,8th United States Congress
2222,tabla
270,Sioux Falls
7926,Carroll Clark
14115,Third Crusade
1201,University of Queensland
14212,Palm Beach
3180,Tribune Media
12981,Salt Lake County
5423,Eastern Illinois University
4898,forward
7068,FC Groningen
1127,academic lecturer
4167,Thandie Newton
8371,Ottawa
12240,Tallahassee
13675,Albemarle County
13891,Johnson County
10779,Saint Paul
8833,psychotherapy
5854,Fred Ward
7745,FC Krylia Sovetov Samara
10124,David Buttolph
13569,East Carolina University
8714,Jim Reardon
5927,Norman Stiles
10086,Yale University
13959,Great Yarmouth
11630,Seattle
864,Trevor Horn
3739,Mark Johnson
12524,erotic thriller
2947,Greater Sudbury
2791,Jello Biafra
9535,Golden Raspberry Award for Worst Picture
12709,Sissy Spacek
3264,research assistant
3628,Meet Dave
3527,air travel
10773,The CW
7448,Takahiro Sakurai
1399,Carleton College
780,country blues
3833,Willie D. Burton
4967,National Society of Film Critics Award for Best Director
2654,Cecil B. DeMille
14537,State College
6641,Sunny Deol
8816,The Men Who Stare at Goats
6800,Felicity Huffman
7754,Miami Dolphins
11113,Ann Roth
13494,Leiden University
1887,Josh Hartnett
6671,Robyn Hitchcock
5926,G-Force
5709,General Motors
10689,1936 Summer Olympics
5989,Oswald Morris
205,Sarah McLachlan
12224,Purdue Boilermakers football
11933,chicken
8004,macOS
11118,42nd Academy Awards
5193,arms industry
12257,Jefferson City
4896,Larry Klein
9323,speed skating
2276,Whiting Award
980,Gulf War
11659,Winchester College
7708,My-HiME
13221,United States Air Force Academy
10917,Master of Arts
5697,Dick Tracy
13074,Edmonton Oilers
10438,mountain
8729,Parma
10311,animated film
4788,Garden State
9044,James Wong Howe
1222,Steve Earle
11476,Texas Instruments
14238,Joliet
2207,Clark University
11064,K-19: The Widowmaker
1740,Skillet
6186,"John Romita, Jr."
12950,The Quiet Man
10233,Latin pop
12782,skin cancer
12658,Code Geass
6908,Seongnam FC
4143,Christopher Eccleston
718,Simon Callow
6010,Jeanne Moreau
8060,Locus Award for Best First Novel
4670,art film
2318,Colgate University
11922,Gujarat
6355,Hamas
2519,Diane Lane
13362,choir
10819,Emanuel Azenberg
5576,Milwaukee Admirals
7426,Ludwig Wittgenstein
1913,Hume Cronyn
5403,Richard Rodney Bennett
8191,Ron W. Miller
9203,Saint Lucia
2485,capital punishment
6256,Ottoman wars in Europe
10527,Johns Hopkins University
14187,Modesto
13970,Steve Martin
1041,Grammy Award for Best Comedy Album
13105,Christopher Reeve
7640,Limburg
4711,Univision
11551,prison
4083,Central Java Province
14039,Georgetown University
4573,Leslie Bricusse
2660,Charles Dickens
5373,The Contender
13782,Sandoval County
1556,Cory Doctorow
48,Sveriges Riksbank Prize in Economic Sciences in Memory of Alfred Nobel
959,Martie Maguire
2192,John Ritter
2478,John Mayer
8110,Mark Addy
11055,Bicentennial Man
3357,corporation
5245,West Virginia Mountaineers football
5262,William T. Orr
5666,Martin Balsam
10556,Novak Djokovic
1305,Magdalene College
7609,Maldives national football team
3806,Big Fish
13401,Antigua and Barbuda
843,David Warner
6066,Vladimir Nabokov
13986,Worcester
6384,Standing in the Shadows of Motown
1842,Peng Dehuai
12636,anarchism
2420,James E. Reilly
5669,gun
3565,Silvio Horta
1217,common-law marriage
5915,Van Heflin
13340,Mobile County
4302,Grammy Award for Best Dance Recording
744,Porco Rosso
10577,AEP Paphos F.C.
5174,UNK_18
4028,Chesterfield F.C.
5945,Alejandro Sanz
13573,Caen
12412,post-rock
1092,black
1282,pop punk
9491,Sikh
9216,Senegal
7407,Night at the Museum: Battle of the Smithsonian
267,Akira Toriyama
6330,Hampshire
4218,lounge music
690,Tracy Chapman
3683,PolyGram
4021,Howie Mandel
2727,Bono
10370,Broadcast Film Critics Association Award for Best Young Performer
6648,modern rock
13799,Essex County
11512,American Gangster
8694,MTV Movie Award for Best Fight
10749,Franklin
1,El Paso
13264,Akira Kurosawa
13480,Watford Football Club
3115,video game music
14342,black comedy
7778,Phil Alden Robinson
6678,Province of Como
12030,Oregon Ducks football
7504,Shamrock Rovers F.C.
10952,Royal Gold Medal
13987,Dallas
7717,martial arts film
13586,New London
11354,Kate Flannery
6863,Zambia national football team
12854,David O. Selznick
14266,1994 Winter Olympics
5623,Spider-Man 3
949,Forest Lawn Memorial Park
13886,Aroostook County
4057,Forest Green Rovers F.C.
2149,Cleveland State University
13582,Kilkenny
4966,National Society of Film Critics Award for Best Film
9675,Hong Kong Film Award for Best Actress
7828,John Leguizamo
1070,S.C. Corinthians Paulista
4804,Daytime Emmy Award for Outstanding Younger Actress in a Drama Series
7297,Claremont Graduate University
12717,L-Isoleucine
4379,Kenosha
10232,Genoa Cricket and Football Club
11950,Jim Thorpe
4960,The White Ribbon
7012,Janis Joplin
8641,Peter Falk
11410,Phyllis Smith
2596,Norwalk
3072,Lublin Voivodeship
2546,The Phantom of the Opera
5889,backing vocalist
1203,University of the Philippines Diliman
3523,Q14941814
4624,Mickey Rourke
2835,Jim Morrison
8617,Werner Herzog
5100,Mr. Deeds
9472,symphonic rock
2074,Debbie Reynolds
5768,Wimbledon F.C.
9834,Uganda
4859,KV Mechelen
9529,Denizlispor
9712,Burnett Guffey
2716,Madonna
4508,stearic acid
4444,Working Title Films
4459,70th Academy Awards
11403,Japanese American
12018,Producers Guild of America Award for Best Theatrical Motion Picture
10414,Hyderabad
5585,Bradley Whitford
3817,Dorothy Spencer
14211,Key West
7442,Ekta Kapoor
4193,Thirteen
13040,New Orleans Pelicans
14111,Meridian
12495,surveying
10113,Talladega Nights: The Ballad of Ricky Bobby
72,The Insider
11387,Cork
2279,Max Steiner
1859,Ray Walston
4198,Vodafone
2917,L.A. Reid
14010,Robert Plant
10525,Hesse
4674,Strictly Ballroom
12635,Academy Award for Best Documentary Feature
5250,Jury Prize
10043,Walt Whitman
8935,reggae
577,Isaac Hayes
2126,Shashi Kapoor
5023,Dave Grusin
7879,Fyvush Finkel
6590,Princeton Theological Seminary
10401,Westminster
9875,University of New Brunswick
169,Clemson University
4140,Jalandhar
11277,Catherine Deneuve
3859,Coventry City F.C.
2475,electric piano
11651,computer engineering
6136,Hungary
1172,organist
10752,The Muppet Show
8687,Modern Family
8832,Wally Wingert
5401,David M. Thompson
12150,Tom Morello
12137,Harare
7848,Ed Helms
235,Udinese Calcio
181,Shaquille O'Neal
2174,Ed McMahon
11702,Africa
6251,Jennifer Tilly
6223,Club Atlas
10694,cricket
7459,Antichrist
10306,Medina
7664,Pakistan national football team
12335,washboard
13122,Stephen King
12447,The Expendables 2
5756,Dumb and Dumber
6871,Ocean's Twelve
4243,MTV Video Music Award for Best Editing
2026,country music
1999,Lewisham
9304,Tim Kaiser
7136,Kiribati
9690,Tampa Bay Rays
13223,Indiana Jones and the Temple of Doom
11279,Jonas Brothers
8266,New England Patriots
6034,Sterling Holloway
13757,Stark County
14161,Costa Mesa
3721,Pinocchio
3307,Casablanca
1035,Happy Together
3814,Murder by Decree
12351,"Arthur Rankin, Jr."
12475,Caroline Records
10175,Michael Bell
13524,Navajo County
4387,Saitama Seibu Lions
5776,coconut milk
6516,Loudon Wainwright III
7131,The Ugly Truth
1064,Pinocchio
1198,Keith Allen
3643,4AD
5583,Stephen Dorff
7226,Kareem Abdul-Jabbar
7740,Joseph Vijay
12828,Canadian Broadcasting Corporation
12926,Arthur Schopenhauer
1040,2003 Grammy Awards
14499,Moonstruck
11888,West Midlands
5514,Royal Conservatoire of Scotland
5144,Sky Captain and the World of Tomorrow
8512,Paris
12033,Primetime Emmy Award for Outstanding Supporting Actor in a Drama Series
8838,Tricky Stewart
2517,St Catharine's College
4816,Buck Henry
13287,Alameda County
9479,Secretary of State
13700,Washington County
11246,Gary Rydstrom
10356,Alexandre Trauner
1695,JPMorgan Chase
8654,34th Berlin International Film Festival
11088,Bethesda
10432,A Star Is Born
1113,Bedknobs and Broomsticks
2261,Kate Beckinsale
12353,17th Screen Actors Guild Awards
12551,Russell Metty
4782,Nancy Snyderman
2701,Betty Comden
8317,25th Academy Awards
14514,Akron
4590,University of Cincinnati
6090,The Singing Detective
1775,Aberdeen F.C.
1410,Patricia Neal
12196,Paramaribo
8162,Anatole Litvak
4441,evolution
10164,Kosi Zone
11841,Nobel Prize in Physiology or Medicine
1917,Branford Marsalis
11988,Greene County
13071,Chicago Blackhawks
6285,Halle Berry
12415,basketball coach
13988,Sergei Rachmaninoff
14274,The Dresser
7843,Mary and Max
14535,Vertigo
9428,The Specialist
3446,University of North Carolina at Charlotte
13718,Butler County
9699,Marion Cotillard
13938,Jefferson Parish
9239,Syria
7425,Latin
12010,Kensington
12062,Croatian American
12040,Monroe County
4410,electric violin
1347,Leslie Cheung
4992,Marg Helgenberger
6724,James L. Brooks
10115,Zürich
10394,Ravenna
8629,Street Fighter II V
2381,Oneworld
8320,heartland rock
3516,Julius Caesar
5504,Rob Paulsen
12620,French Republic
10499,Mecklenburg-Western Pomerania
13095,North by Northwest
13346,Arthur Conan Doyle
13737,Tuscarawas County
11311,Rocky
672,The White Stripes
7891,R. Charleroi S.C.
6139,socialite
13172,Casper
1161,Porcupine Tree
7945,Dave Goelz
11765,Pet Shop Boys
12533,Rod Steiger
5538,Legia Warsaw
14198,Melbourne
11278,All Quiet on the Western Front
6446,Stellenbosch University
11617,Takoma Park
3417,Mashhad
8922,Michael McDonald
10050,End of Days
10490,Charles University in Prague
12332,Washington University in St. Louis
3425,Kath Soucie
12433,Prometheus
7967,Miles Davis
9868,Whig Party
12472,classical music
9740,Columbia blue
11257,Eddie Marsan
13564,University of Bonn
13417,Leo McCarey
11258,Marvel Entertainment
6994,Guinea national football team
9885,Unitarianism
288,Austin Powers: International Man of Mystery
11828,Bridesmaids
13476,August
10456,The Stand
12727,Jack McBrayer
8659,Plymouth Argyle F.C.
9366,Hans Dreier
658,British Columbia Liberal Party
2040,Terence Blanchard
3010,Dave Chappelle
4041,Leyton Orient F.C.
3796,The Shipping News
13649,King County
11524,Canada
11134,57th Academy Awards
11912,Christopher Lee
12844,MTV Movie Award for Best Dance Sequence
11236,Jessica Simpson
9897,Department of Defense
1673,School of Visual Arts
12665,30 Days of Night
7818,Nelsan Ellis
5784,Michael Balcon
6655,Western Desert Campaign
11472,Chhattisgarh
4505,myristic acid
2329,X2
10922,Macedonian kingdom
8355,Newport News Shipbuilding
6737,Samuel Z. Arkoff
14534,Johnstown
6065,Brandy Norwood
12383,Lorenzo Ferrero
3723,Los Angeles Film Critics Association Award for Best Actress
8285,Polyunsaturated fatty acid anion
11255,Walter Scharf
10849,1998 NCAA Men's Division I Basketball Tournament
2014,3rd Rock from the Sun
12176,AACTA Award for Best Guest or Supporting Actress in a Television Drama
14376,homicide
11186,Haywire
3203,Paul Williams
904,Toronto International Film Festival
238,Maggie Cheung
10177,SV Ried
6822,Thomas Jane
3756,National Board of Review Award for Best Director
7148,Kansas
9957,diplomat
174,Middlesex
3170,Sinhala
6791,Costa Rica national football team
12768,Bruce Willis
2518,3D Realms
8053,East West Records
891,Curtis Hanson
13745,Pasadena
6963,Society of Jesus
7537,Julie Benz
10515,Manchester Metropolitan University
12487,Carlisle
11898,Tony Award for Best Choreography
13755,Wag the Dog
6234,Hinduism
11173,Blood Diamond
6636,Ithaca
14532,Altoona
7861,Doctor of Philosophy
13169,Who Framed Roger Rabbit
6593,Grammy Award for Best Rap Song
8306,S.C. Beira-Mar vale callampa
2781,Malcolm Arnold
5164,Sport Club do Recife
5108,Patrick Warburton
9010,Punk blues
8874,Stop! Or My Mom Will Shoot
5658,Cry Freedom
7305,Podlaskie Voivodeship
2039,Butte
11836,Gone Baby Gone
5933,Ryan Tedder
11122,Veneto
13485,Birmingham
1129,fast food
14295,Quincy
391,Oingo Boingo
5084,Jenny McCarthy
8777,The Chronicles of Narnia: The Voyage of the Dawn Treader
5206,Fredericton
12333,Ron Howard
7439,Charlie Adler
14439,AZ Alkmaar
2777,Kelis
6996,Jackson County
8681,punter
5510,Tenjho Tenge
9597,Turks and Caicos Islands
1637,Lady Sings the Blues
6159,Naruto Shippuden the Movie: Bonds
9736,Tripoli
4550,Michael Cimino
2424,Liv Tyler
4497,The Practice
4807,Falkirk F.C.
3875,Manny Marroquin
9086,Shannon Elizabeth
1512,Scrubs
11003,Fat Joe
11902,23rd Academy Awards
34,Decca Records
9589,Silent Hill
6698,Panionios F.C.
13128,Morgan Stanley
13806,Rockingham County
11885,Tours FC
10873,Australians
13023,Hillsborough County
5676,Jennifer Hale
4929,Ringo Starr & His All-Starr Band
7292,Closer
516,All in the Family
3151,Nettwerk
6925,Superman III
4675,consultant
7655,Kristen Bell
1088,Max Fleischer
11510,Nassau County
5157,Funny Girl
7291,University of the West Indies
2343,University of Tennessee
3910,detective fiction
2622,modern architecture
14225,Brunswick
11420,Ludwig von Mises
5936,dark ambient
13371,Fife
2473,Wayne State University
10336,General Dynamics Electric Boat
1600,Peterborough
12663,WWE
683,PJ Harvey
498,Dulwich College
14112,George Clinton
7539,Waltz with Bashir
14045,Canadian dollar
2326,John 5
3524,zinc
12478,Shame
12214,Mansfield Park
9910,Invictus
2667,Paisley
7027,Sunil Shetty
12910,South Africa
1827,Taunton
3579,Rob James-Collier
3779,Frank Spotnitz
11577,Joshua Kennedy
12039,Livingston County
10071,Hapoel Haifa F.C.
11786,Albany
6549,Caleb Deschanel
13031,Jefferson Airplane
10587,Palermo
2764,Ludacris
1083,Ethiopia
13949,Alfie
1561,ska punk
12845,Eugene O'Neill
12875,astronaut
8454,comedy film
8424,Leroy Shield
7274,The Biggest Loser
798,Tim Rice
822,Magic Knight Rayearth
14255,Bloomington
8671,Leonard Goldberg
2235,Anna Paquin
6101,FC Banants
5693,Croatia national football team
339,aerospace
2627,Baylor University
1256,warlord
886,Chihuahua
4613,Wesley Snipes
7811,Coach Carter
940,Newmarket
2644,Aberystwyth University
1830,Jerry Stiller
5868,jazz
7452,Rob Corddry
7525,University of Minnesota Law School
6845,Habsburg Monarchy
4930,Pushing Daisies
4206,American University of Beirut
7464,Club
4228,California State Senate
14022,Winnipeg
6315,Napoleon Dynamite
8027,Dynamo Dresden
13984,Pearl Harbor
9186,The Pursuit of Happyness
2874,Kamloops
0,Denton
7023,Yunjin Kim
8502,Poland
4067,Ayr United F.C.
2812,King Records
638,No Doubt
8085,59th Berlin International Film Festival
2816,Adult Swim
3908,real estate broker
1154,Morehouse College
6442,Old Dogs
13009,Brevard County
3208,Cook Islands
13547,Folkestone
9444,The Twilight Saga: Eclipse
1324,Hill Street Blues
12339,Kōbe
9224,William Fichtner
5883,January
669,Salvador
13857,Ramsey County
6861,RedOne
813,Stoke-on-Trent
8544,Gil Bellows
10172,principal
13213,Naismith Memorial Basketball Hall of Fame
5878,John Adams
7429,Laos
6611,Province of Cuneo
9126,John Fiedler
6501,Harry Shearer
4643,Matthew McConaughey
11332,Toronto FC
12352,J. Edgar
13137,horse racing
14195,Wilmington
12434,Margaret Atwood
7880,Uttarakhand
3892,Orange County
1787,Judy Davis
13740,Hilary Swank
9737,109th United States Congress
5687,Gabon
1215,Bulgarian
11306,X-Men: First Class
1834,American Pie 2
13621,Eagles
8705,Snow Falling on Cedars
3716,Mamma Mia!
12928,Celtic F.C.
12772,Berkshire
3655,"Queen Mary, University of London"
12303,A Midsummer Night's Dream
1252,Frank Tashlin
12933,Kirk Douglas
10301,Father of the Bride Part II
5305,George Lopez
86,Gujarati
10269,Gulliver's Travels
10193,semiconductor
10630,Telugu
11977,Raiders of the Lost Ark
12954,Carolina Hurricanes
7906,Aspyr
8050,Syracuse Orange football
448,Bill Clinton
6704,Juanes
13029,Tsinghua University
3256,Barnet
12070,Buckinghamshire
6736,Lindy Hemming
14189,Oxnard
3595,Jim Beaver
9258,Sicily
6626,Indiana
960,Emily Robison
8092,Netherlands
8899,Basic Instinct 2
10896,TSG 1899 Hoffenheim
8919,Rocky Mountains
12686,Abraham Lincoln
6751,The Boat That Rocked
11119,43rd Academy Awards
1181,As the World Turns
11506,influenza
9583,Waheeda Rehman
12118,Goya Award for Best Film
13659,Newport News
11516,Academy Award for Best Story
11175,Thora Birch
6178,Ciara
9848,Star Cinema
7776,Hampton University
5992,Blair Underwood
13532,New London County
4249,MTV Video Music Award for Best Rock Video
3986,Will Patton
878,Eric Bana
5550,Election
10362,brain tumor
7105,King Crimson
2352,Draco Rosa
431,MSNBC
11030,Just Go with It
5876,John Stuart Mill
9532,speed metal
13997,Michael McKean
8509,Wisner Washam
6753,Trisha Yearwood
553,swing music
14180,Cupertino
2877,Ricky Nelson
3517,harpsichordist
1810,Boston College
7482,Philippines national football team
11205,26th Academy Awards
5226,Friedrich Nietzsche
11603,Brighton
1044,respiratory failure
8896,Roman Polanski
1353,Grammy Award for Best R&B Performance by a Duo or Group with Vocals
12553,2007 Grammy Awards
6298,Carmelo Anthony
12830,New Jersey Devils
8079,William Kiernan
7157,Alianza Fútbol Club
7054,Jesus Christ
6546,32nd United States Congress
2,Marshall
9505,volcano
4257,Robert Wagner
2439,Bruce Dern
14370,Atlanta Falcons
982,Academy Award for Best Sound Editing
7091,Thailand national football team
6236,F.C. Copenhagen
12099,Kozhikode
13574,Doc Watson
6796,Ecuador national football team
12011,France
13463,Oliver Hardy
8308,UNK_11
13367,clapping
1548,Final Destination
6375,PFC Levski Sofia
3176,The Bronx High School of Science
7082,San Juan Jabloteh
5021,Harold Rosson
13861,Wayne County
3976,Basil Poledouris
3781,Michelle Dockery
7942,time in China
3915,Lara Croft Tomb Raider: The Cradle of Life
7501,Club Universitario de Deportes
6364,The Shubert Organization
14481,Worcester College
13973,Bill Murray
4961,The Adventures of Tintin
5458,Frank Marshall
6759,Jennifer Ehle
163,William Holden
13262,UNK_19
10557,Corbin Bleu
12765,Ginger Rogers
12905,24
9792,Nitin Chandrakant Desai
1005,dancehall
6702,Alemannia Aachen
4627,Bob Odenkirk
13026,Signs
6422,Vagrant Records
4489,Maroon 5
2035,West Hartford
13244,2008 Summer Olympics
7142,World Fantasy Award for Life Achievement
13168,Aegean Sea
12381,Atlantic Records
6153,Play It Again Sam
12262,Oklahoma City
7682,Ronald Neame
8457,Goya Award for Best Spanish Language Foreign Film
10507,Radiohead
8638,programmer
324,AFI
4769,UCLA Bruins men's basketball
808,The B-52's
4315,Denis Leary
3424,Superman IV: The Quest for Peace
12360,Jack Vance
12868,Robert Wise
3635,bongo drum
13922,Fulton County
6676,Mercer University
111,Kevin Costner
2988,Asteras Tripoli F.C.
973,Colorado College
5009,Warren Ellis
2325,Owen Wilson
13771,Butler County
13232,Hold Back the Dawn
5369,extreme metal
9442,independent politician
12725,Poltergeist
5114,Morning Musume
12735,The Country Girl
4478,Sanjeev Kumar
14540,Erie
6482,world cinema
5788,Washington & Jefferson College
88,Real Sociedad
5963,Fringe
3193,Confederate States of America
3131,Jay Roach
5213,National Society of Film Critics Award for Best Actor
2362,Plastic Ono Band
14500,Mississippi Burning
13209,Denmark
6476,Brian McKnight
12528,Jeff Schaffer
13087,University of Waterloo
9441,S.S. Lazio
11972,Leaving Las Vegas
3450,Chuck Jones
3207,horror punk
4039,Doncaster Rovers
10710,Calle 13
2421,Appalachian State University
6097,Shelbourne F.C.
4219,Detroit
6373,Frank Langella
10798,Bucky Larson: Born to Be a Star
9820,British Academy Television Award for Best Actress
9598,Tuvalu
12708,Crohn's disease
11416,Nice
8319,Sheldon Leonard
2443,Courteney Cox
1405,Bristol City F.C.
9137,Thomas Lennon
6294,Bobcat Goldthwait
2936,Kenichi Ogata
2194,Jonny Greenwood
12653,nausea
4708,psychiatrist
5031,Rob Thomas
3934,Dayton
12605,Ninotchka
2715,Minami Takayama
8170,Chris Nurse
5795,Michael C. Hall
3141,Bridgend
4300,Saturn Award for Best Actress
1608,beach volleyball
7604,Tony Award for Best Original Score
7841,Ned Kelly
10139,Patrick Doyle
11120,Spice World
12129,Abidjan
6569,Idaho
9398,South Holland
8026,Be Cool
754,Gods and Monsters
8196,Halesowen Town F.C.
3865,Dave Grohl
9376,Shirley Henderson
7533,Erin Brockovich
3057,Rawalpindi
6630,Clive Owen
5923,The Surreal Life
6939,J. K. Rowling
7141,Planet of the Apes
2346,Cambridge
9290,Brian Robbins
6184,The Singing Detective
13118,39th Daytime Emmy Awards
7041,Ricardo Fuller
4771,BAFTA Award for Best Direction
7699,Madagascar
11964,(+/-)-pantothenic acid
8788,Radio
7928,Game of Thrones
3982,finance
7814,Urmila Matondkar
10245,Cary-Hiroyuki Tagawa
8035,Paul S. Fox
1795,Dimitri Tiomkin
1715,The Truman Show
7033,Brannon Braga
2230,Bob Seger
9002,Robert Anton Wilson
9007,executive director
2629,Charles Sanders Peirce
4222,Dr. Strangelove
5714,Greece
5940,St. Mirren F.C.
11021,Life as We Know It
5382,National Society of Film Critics Award for Best Supporting Actress
14502,Working Girl
1048,Patti LaBelle
9678,"Primetime Emmy Award for Outstanding Writing for a Miniseries, Movie or a Dramatic Special"
5730,University of Halle-Wittenberg
3092,Mary-Kate Olsen
11993,James Earl Jones
1620,9th United States Congress
13062,Seattle SuperSonics
14127,Oz
3612,Sheri Anderson
14527,Medford
12115,Jeff Bridges
13964,Romeo and Juliet
4442,Rachel Griffiths
11621,Groningen
8237,Kid vs. Kat
3027,conservatory
2191,Syfy
5416,Ian McShane
350,St. Charles County
9378,St Albans
11327,Joan Crawford
13285,U.S. Route 66
8221,Robert F. McGowan
1864,Christopher Cross
8632,University of Karachi
3396,Grammy Award for Best Traditional Blues Album
7999,Marathi
10162,Irene Lentz
10671,Primetime Emmy Award for Outstanding Costumes for a Series
1157,mixed-sex education
4449,NAC Breda
13874,beauty contest
10523,Russian Americans
31,Alice Cooper
14001,Days of our Lives
10941,Max Casella
8063,Bruce Cohen
4579,Cedric the Entertainer
1440,Sidney Sussex College
13044,Indiana Pacers
8439,Professional Children's School
5971,Michelle Patrick
11614,Lockheed
11351,Lee Eisenberg
9557,Tamil Nadu
4088,major depressive disorder
13412,1988 Summer Olympics
13585,Anne Rice
679,Billy Elliot
5211,The Duchess
8555,Recess: School's Out
4730,Born on the Fourth of July
6342,Chrono Crusade
3740,Meshell Ndegeocello
6051,winger
12587,Oprah Winfrey
543,Chicano rock
10203,Latin Grammy Awards of 2004
4220,Peter Boyle
2434,Lambeth
1190,Darryl F. Zanuck
11346,Charlton Heston
10322,She Hate Me
12967,Nashville
2018,Rupert Holmes
2067,Marc Shaiman
9987,W. H. Auden
9726,Tower of London
13081,Nashville Predators
10078,The Other Guys
3742,Get Shorty
7598,Utah Utes football
7326,Bob Clark
5824,Israel national football team
3212,Mimi Rogers
3416,Homicide: Life on the Street
6865,Julie & Julia
7806,Bill Condon
14482,Fargo
8338,Neil Simon
1527,Wolverhampton Wanderers F.C.
4431,Edgar Meyer
12683,Seth Green
10231,"Sunday, Bloody Sunday"
635,Marianne Faithfull
518,Bonnie Hunt
3580,Wardrobe supervisor
9040,Rudyard Kipling
12410,A Separation
2005,Christianity
12393,South Vietnam
7707,Microsoft
643,Alexander Korda
5263,Jennifer Lawrence
4767,2006 Major League Baseball draft
7600,Lee Marvin
11323,FC Aarau
9893,U-571
11330,speaker of the United States House of Representatives
6932,Johann Wolfgang von Goethe
12702,Fredric March
12749,Liam Neeson
663,William Hurt
3804,Anne V. Coates
10674,Hong Kong Film Award for Best Supporting Actor
697,John Mellencamp
12664,Hope Springs
7385,bay
7249,Province of Salerno
947,Holy Cross Cemetery
10302,animation director
4307,Atticus Ross
10209,Jack Bender
3991,Treasure Planet
6699,C.D. Nacional
9566,Justin Long
2280,Himesh Reshammiya
9626,Kasper Schmeichel
6187,Claremont McKenna College
2184,Jim Broadbent
13561,Doris Lessing
9151,Sun Microsystems
10619,Shriya Saran
6176,Hong Kong
3342,Carson City
852,Blade Runner
11739,Komiks
2931,Jim Belushi
3607,Christopher Lloyd
6614,50th Academy Awards
5563,Michael Brecker
9511,Roy Webb
1690,Janet Leigh
13815,Don DeLillo
2963,Concord
2121,saturated fat
1507,Yale College
12429,It's a Wonderful Life
6204,Anthony B. Richmond
6197,Broadcast Film Critics Association Award for Best Comedy Film
781,surf music
654,Barry Gibb
1415,Bette Midler
3266,New York University Tandon School of Engineering
1196,John W. Campbell Memorial Award for Best Science Fiction Novel
840,British Isles
9696,trance
9618,Sony Music Entertainment Japan
13772,Ashtabula County
8302,John Sturges
2223,Albert Lee
7128,Jim Wilson
4734,Daytime Emmy Award for Outstanding Supporting Actor in a Drama Series
10826,Michael Chapman
986,Salford
7125,Whip It
2632,Leo Tolstoy
14407,Jersey City
3860,Ron Weiner
1955,Joshua Redman
625,Michael Powell
8181,Eileen Atkins
5517,Castle Rock Entertainment
9933,The Black Dahlia
13702,Somerset County
2385,twelve-string guitar
13255,Jefferson County
14006,Bonnie Raitt
10632,University of South Florida
1818,Mongol Empire
6955,The Island
14147,Claremont
9838,Rolfe Kent
5422,Fame
10156,cerebral hemorrhage
3795,Om Shivpuri
9711,Turin
14252,Kokomo
4946,minimal music
4125,Freddie Prinze
10427,FC Augsburg
4194,Patricia Clarkson
7034,Jet Li
7250,Aditya Chopra
2639,Rostov-on-Don
12287,Montgomery County
12808,jaundice
11654,Billie Holiday
10395,Dresden
1519,Ted Danson
7522,Academy of Television Arts & Sciences
13064,Cumbria
3118,Chichester
2341,Interplay Entertainment
12952,Atlanta Thrashers
13299,Richard Attenborough
6763,Ian McKellen
60,Sense and Sensibility
3783,Ice Age: Dawn of the Dinosaurs
6603,97th United States Congress
11264,Pulitzer Prize for Poetry
3277,Michael Minkler
6662,Richard Sylbert
2735,John Paul Jones
13924,Larimer County
8251,New South Wales
14229,Quincy
8848,string
13648,Kitsap County
389,Alexandre Dumas
898,Kathleen Turner
10662,Winnie the Pooh
9131,Freddie Young
6688,Southern University
9359,Simon Fraser University
12841,Pittsburgh Penguins
10631,business enterprise
10058,Warner Bros.
2977,Goldman Sachs
306,R.S.C. Anderlecht
387,Bachelor of Arts
1751,Comedy Central
3096,Wagga Wagga
4875,The Incredibles
11850,Addis Ababa
1177,private equity
12386,Date Night
11168,Andrzej Wajda
1893,Canton of Zürich
5024,Republic of Ireland national football team
5079,Evangelical Christianity
4673,Octopussy
180,SST Records
13674,Arlington County
12032,UCLA Bruins football
3993,Saint Petersburg Conservatory
10769,James A. Garfield
587,Benin
6003,Shin-ichiro Miki
13978,Kramer vs. Kramer
12627,Total Recall
11837,Friday Night Lights
9496,Haskell Wexler
6730,Lions Gate Entertainment
6057,Regis Philbin
11369,James Lawrence Levine
10238,The Kinks
1254,Avid Technology
7471,John Lasseter
4407,University of Marburg
3924,death metal
11562,Majesco Entertainment
11448,Preston
894,The WB
7799,American Masters
9787,Kathy Baker
10500,Alex Manninger
9083,Red Hot Chili Peppers
12903,publishing
10270,Kung Fu Panda
11482,Kolkata
10207,Elisabeth Moss
13677,Travis County
9188,FC Red Bull Salzburg
11756,Santiago
149,Peter Stormare
4884,Vicky Cristina Barcelona
611,Jimmy Buffett
5330,Robbie Keane
1762,Villanova University
9854,United States Department of State
9628,Samuel M. Comer
590,Bermuda
10502,engineer
6017,glucose
3159,Kirkcaldy
10350,Larry Gelbart
11415,On the Road
7527,Primetime Emmy Award for Outstanding Music Composition for a Series
5304,Primetime Emmy Award for Outstanding Writing for a Drama Series
11746,progressive rock
13905,St. Clair County
700,Lisa Kudrow
12736,Huntington Beach
1425,Mississippi State University
14075,Gadsden
10705,Ismaily SC
7216,Alexander
3574,Gannett Company
1950,Qingdao
3715,Captain Corelli's Mandolin
5817,Rachel McAdams
9713,Dutch American
2965,Mena Suvari
3874,Salim Kumar
74,Moulin Rouge!
3645,37th Golden Globe Awards
8699,MTV Movie Award for Best New Filmmaker
909,Barrie
4256,Robert Patrick
7982,Golden Globe Award for Best Original Score
8049,Cincinnati Bearcats football
5592,egg
9676,Tuscany
8388,October
2260,Jeddah
6675,Karan Johar
12568,Yul Brynner
5067,Grammy Award for Best Music Film
13892,Islington
4323,Fanny and Alexander
13349,author
13333,Michael Nyman
6872,chief marketing officer
3406,Minato-ku
772,rockabilly
10343,Indonesian
1998,House of Stuart
11027,We Need to Talk About Kevin
3576,Thelma & Louise
11999,20th Century Fox Television
2347,German American
1878,Steve Miller Band
7696,medicine
5621,Ashlee Simpson
12467,Tinker Tailor Soldier Spy
9317,Xerez C.D.
10006,water
11249,Slough
7923,Albert S. D'Agostino
2684,Pirates of the Caribbean: The Curse of the Black Pearl
490,animator
2489,Medill School of Journalism
13256,Showtime
11440,New York Yankees
5569,Enemy of the State
3514,animated series
10993,Writers Guild of America Awards 2005
6966,Joseph Haydn
2796,Stax Records
2800,Raphael Saadiq
3940,Dorothy Fields
3323,Columbia University Graduate School of Journalism
1698,fantasy
14458,County Down
5827,Gene Hackman
11179,Glenn Close
6891,Architectural Association School of Architecture
5027,Ali
7485,lipid
7809,costume drama
8259,children's music
13831,Hampstead
11269,Turku
379,Die Another Day
10435,Jeremy Thomas
9953,Versailles
10085,Yiddish
13944,David Mansfield
8198,Don McKellar
12066,Luton
13721,Berks County
6607,Lindsay Crouse
9324,FromSoftware
12191,Charles County
2975,County Dublin
1879,bossa nova
3123,pitcher
7168,Jagathy Sreekumar
14079,Huntsville
4914,Parker Posey
11167,Gary Cooper
7074,Best Screenplay Award (Cannes Film Festival)
7596,rap metal
6659,James D. Parriott
2112,acid jazz
1171,University of the Philippines
1774,interview
9463,National Theatre School of Canada
7772,Dennis Haysbert
8786,The Pianist
7253,Orix Buffaloes
3758,Fiddler on the Roof
783,FC Bayern Munich
11760,Phnom Penh
10077,Milton R. Krasner
12292,The Manchurian Candidate
3766,Doctor of Medicine
12364,The Spy Who Loved Me
4766,Graham King
1993,Tony Award for Best Revival of a Musical
5359,art director
2353,The O.C.
2878,Groucho Marx
11792,VHS
4221,The Incredible String Band
11568,supermodel
13045,American football
10822,Rocco and His Brothers
261,Joplin
509,investment bank
12919,soprano
7517,Springfield Falcons
5254,Abhishek Bachchan
10686,Art Students League of New York
1708,Magnolia
2398,Grey DeLisle
7632,Brent and Shane Kinsman
3732,Don Scardino
12961,Guess Who's Coming to Dinner
7756,Joan of Arc
9617,Terminator 2: Judgment Day
12296,14th Academy Awards
7220,Ascoli Picchio F.C. 1898
7277,Dean Saunders
5948,Lauren Graham
4388,The Barbarian Invasions
3317,Samuel Goldwyn
13937,Sun Ra
14009,Tsui Hark
11338,Australia
8432,Davis Entertainment
1511,Bea Arthur
6847,Bobby Deol
4669,mystery fiction
2891,Lupe Fiasco
419,Edward Norton
10520,Fordham University School of Law
9584,Thailand
13445,chiptune
5659,Galileo Galilei
93,Band Aid
10814,Mike B. Anderson
4506,linoleic acid
3300,Brendan Fraser
3055,spoken word
14214,Clearwater
3952,Holly Marie Combs
54,"Lon Chaney, Jr."
10643,manufacturing
7225,Category:BBC News
11508,Chris Paul
4729,Johns Hopkins School of Medicine
11400,George V
14285,Iowa City
3473,clavinet
11700,Star Wars Episode II: Attack of the Clones
11722,Ben Sahar
13317,Norbit
6632,General Growth Properties
3856,BBC Films
13016,Armenia
10612,Alou Diarra
10196,Bret McKenzie
3380,Sialkot
8876,Henry Corden
13620,Debi Mazar
974,blaxploitation
2615,Imelda Staunton
11017,Bruno Mars
3788,Susan Blu
6529,Tampa Bay Area
12007,Mike Henry
8100,Natural Born Killers
12027,Herkimer County
12747,Elizabeth Sarnoff
10546,Carl Cort
1792,Johor
1272,Grammy Award for Best Female Pop Vocal Performance
10321,Tom Fleischman
7728,Macau
9580,Thomas Mann
4847,Anthony
4667,Dharmendra
10065,Williams College
4525,Jennifer Hudson
5162,Quest for Fire
1910,Ryan Phillippe
5549,Casey Affleck
11430,Prithviraj Sukumaran
262,Alexandria
14485,Lima
9657,Perkin Medal
6393,political drama
2472,Hulk Hogan
7312,Disney Interactive Studios
9898,United Methodist Church
10900,punt returner
11200,situation comedy
14307,Lake Charles
5146,World Bank
3033,Network Ten
9033,Rob Reiner
8375,90th United States Congress
12345,Lebanese American
11696,Grenoble
8389,Grey's Anatomy
5421,F. Scott Fitzgerald
4070,David Mamet
3350,La Plata
12354,Frankenweenie
13236,The Song of Bernadette
12877,The Caine Mutiny
5764,Gustave Flaubert
73,Gosford Park
14293,Medford
9925,Virginia
9894,Simon Property Group
694,George Strait
7594,Library of Congress Classification
14193,Fairfield
4959,The Trouble with Harry
9734,Miami Vice
114,Steve Allen
5884,John Quincy Adams
12380,Charles Bukowski
8455,Frances Conroy
4473,Glory
3774,Speed Racer
234,Dewsbury
607,Brunei
7013,Joseph M. Schenck
9253,Sarah Michelle Gellar
1424,First Lady
3590,Shriram Lagoo
8069,Bryan Forbes
6830,House of Flying Daggers
14345,Ally McBeal
9058,restaurant
13530,Litchfield County
2972,Black Mountain College
6453,Himachal Pradesh
8561,The Vampire Diaries
9508,Vermont
8636,Tom Hardy
5675,George Washington
10271,Cleopatra Records
3843,Tarzana
4833,Kathleen Kennedy
1653,Partick Thistle F.C.
10458,Kathleen Barr
1346,Nick Cannon
10096,Yngwie Malmsteen
289,Dean Martin
812,Darren Aronofsky
3965,Glenn Ford
1370,Casey Kasem
10760,Soundgarden
3299,Rotherham United F.C.
8411,Okinawa Prefecture
13261,Yakima
7603,Luton Town F.C.
12363,The Church of Jesus Christ of Latter-day Saints
2802,Hartlepool
6201,Writers Guild of America Award for Best Adapted Screenplay
863,Ayr
8366,Ohio
8760,Singin' in the Rain
13488,Burgundy
9866,Republican Party
3014,Tom Brady
766,Westminster School
1639,The Way We Were
8918,Rome
8010,Jane Espenson
10738,Cranston
12953,baritone
110,Vladimir Horowitz
4471,England
14253,Hammond
11632,Godoy Cruz Antonio Tomba
5932,Brenda Blethyn
9035,Ryuichi Sakamoto
9129,Spın̈al Tap
13749,South Yorkshire
11287,Cowboys & Aliens
6717,Beau Bridges
12946,Toronto Maple Leafs
4721,Raymond Chow
1077,Esporte Clube Bahia
14192,Hilo
13462,1952 Summer Olympics
8458,Milan Conservatory
6378,AEK Larnaca F.C.
678,Attorneys in the United States
1855,Kingdom of Prussia
7021,Ian Somerhalder
10037,werewolf
9328,Gulliver's Travels
13420,post-traumatic stress disorder
11026,Super
6806,Serie A
9650,track cycling
12957,breast cancer
609,Thin Lizzy
3309,Armenians
13115,The Heiress
1456,Back to the Future Part II
13121,David Brin
5339,Sinclair Broadcast Group
4116,Dartmouth College
6324,Keith Carradine
8976,red
7960,Inside Deep Throat
1676,old age
7353,Manhattan College
9124,Saskatchewan
13313,gang
2268,Elizabeth Hurley
5404,Evangelion: 2.0 You Can (Not) Advance
10075,Sam Means
6839,Iraq national football team
6928,Jimmy Carter
5633,Guatemala
10568,62nd Golden Globe Awards
7934,Taylor Hackford
11530,St John's College
2647,Swansea University
6389,Sony BMG
1943,Bend It Like Beckham
12920,AACTA Award for Best Adapted Screenplay
13948,Jerry Lee Lewis
6936,Jackson
2269,Gary Moore
4162,Wayne Knight
4270,UNK_22
13409,Jack Benny
12661,Letters from Iwo Jima
6856,"African, Caribbean and Pacific Group of States"
3932,bandleader
4361,North African Campaign
3095,Saudi Arabia
8723,Prometheus Award
5120,Grammy Award for Best Music Video
11244,Catholicism
13714,Dauphin County
2826,Erykah Badu
13936,Kelly Osbourne
3961,Delft
4631,International Tennis Hall of Fame
13747,Alan Mathison Turing
5201,Mario Lopez
6146,Cruz Azul
13292,El Dorado County
3641,The Invasion
3671,Trent Jones
2143,Jerry O'Connell
12904,Waltham
13640,Snohomish County
9687,The Secret in Their Eyes
756,American History X
6907,Busan IPark
496,1968 Winter Olympics
12720,pancreatitis
9088,Stanley Kubrick
3477,Judd Hirsch
8875,Qantas
5125,Carole Bayer Sager
10801,Filmfare Award for Best Director
1477,Gallipoli campaign
13999,Late Show with David Letterman
14146,Burbank
7971,Sicilian Mafia
7431,Treat Williams
7499,Ittihad FC
721,power pop
8914,Tango & Cash
10481,Let Me In
4568,Lorraine Bracco
2306,Carnegie Institute of Technology
3624,Courtney Simon
5947,2008 Major League Baseball season
8713,89th United States Congress
9274,Rush Hour 3
9483,John Heard
12729,Northampton
2141,Sydney Airport
1431,1972 Winter Olympics
10489,Javier Grillo-Marxuach
1503,Home Alone
13176,Essex County
13764,Jefferson County
9494,Citadel Broadcasting
2232,Kristin Davis
12042,"Primetime Emmy Award for Outstanding Variety, Music or Comedy Series"
4983,Unione Calcio Sampdoria
559,Hercules
7035,Bellshill
6047,Amy Smart
8526,Karlsruher SC
5655,Association of American Universities
3187,Gandhi
11711,Hundred Flowers Award for Best Actress
14116,Bucknell University
14414,Red Bank
6230,Fabolous
3315,Royal Victorian Order
12982,San Juan County
10465,Times Higher Education World University Rankings
2771,Dido
13270,Cat Stevens
1105,Doug Flutie
10284,Steve Golin
3316,Ball State University
9542,Bhutan
294,Wakefield
7449,master of ceremonies
12581,Tom Petty and the Heartbreakers
8683,Bodyguards and Assassins
1450,Shanghai Noon
637,professor
329,Doncaster
8016,2005 Grammy Awards
11675,cerebral palsy
868,University of Pennsylvania Law School
9405,Sylvia Plath
9794,rock and roll
6604,Villarreal Club de Fútbol
5699,Gotha
6252,ABS-CBN (TV Network)
3827,Patna
2911,Pink Floyd
13033,Miami Heat
8725,swingman
8980,Richard Dawkins
7924,Matt Servitto
4748,80th Academy Awards
10060,Bill Hader
1876,Aldershot Town F.C.
6106,FC Pyunik
8817,Men in Black 3
3999,Matt Lucas
8500,University of Virginia School of Law
13183,Suffolk County
13550,Guildhall School of Music and Drama
1056,Omarion
13428,Henry James
6265,Hawkwind
2553,Queens College
8552,Pam Tillis
9343,Saturday Night's Main Event
11211,judge
3390,Kajol
2745,Slash
405,George Carlin
629,alternative rock
7089,Jon Voight
6637,The SpongeBob SquarePants Movie
3954,Oral Roberts University
9802,Gaziantepspor
5749,geologist
6470,hotel
11610,UNK_14
989,Roger Taylor
5601,Yale School of Drama
12668,Mark Wahlberg
10578,63rd Golden Globe Awards
7324,Jean-Jacques Goldman
6563,romantic fantasy
1387,Joe Haldeman
13705,Monroe County
1294,Adrien Brody
12432,Henri Matisse
134,National Autonomous University of Mexico
6919,Ben Gazzara
3259,Scarborough
6466,Second Polish Republic
4943,Bruce Beresford
5983,Greta Scacchi
14312,Lewiston
4903,BAFTA Award for Best Film Music
13164,Dangerous Liaisons
6399,World Fantasy Award for Best Anthology
11525,global warming
12888,FC Barcelona
5216,Franz Waxman
1234,Grammy Award for Album of the Year
8648,Craig Armstrong
9244,Norm Prescott
3102,Royal Tunbridge Wells
3295,"John Dingell, Jr."
2322,Maya Angelou
11268,Downing College
8262,Dennis Lehane
12126,Edward Carfagno
11439,American Psycho
5609,Dorothy Malone
13399,Provo
1242,"Monsters, Inc."
11193,Union of South Africa
1484,Stanley Clarke
3331,BBC Three
6862,Gary Goetzman
1360,Boston Red Sox
3632,Becket
8148,School of American Ballet
13619,William James
7061,"James Tiptree, Jr. Award"
11539,Stephen Woolley
4481,New Mexico State University
10682,Shiraz
14452,Arthur Miller
13763,Lake County
6295,Addams Family Values
9221,Shopgirl
9265,Zac Efron
5432,Andy Dick
8429,Pirates of the Caribbean: At World's End
9497,Peter Horton
10836,1988 NCAA Men's Division I Basketball Tournament
10109,dark cabaret
5018,2009 Tour de France
2288,Chicken Run
6318,Ray Allen
9546,Yellow Submarine
7444,Rent
12164,Linux
10119,Set dresser
5442,Anita Baker
464,television presenter
6913,Jeju United FC
8916,Richard Wagner
11926,"Skidmore, Owings and Merrill"
7553,Indiana Jones and the Kingdom of the Crystal Skull
4170,Edith Head
10772,Amy Adams
8029,Puebla F.C.
12022,Adirondack Mountains
1228,industrial engineering
13985,College Park
11419,Star Wars: The Clone Wars
6793,Trinidad and Tobago national football team
41,Dumfries and Galloway
1276,Grammy Award for Best Country Album
10855,Tony Richardson
13310,Helena Bonham Carter
6615,infectious disease
12734,All Boys
2307,Robin Thicke
4684,Michael Connelly
9950,Resident Evil: Afterlife
14164,Newport Beach
9028,Rhineland-Palatinate
9245,smallpox
13882,Oxford County
9663,Holland Taylor
14088,Michael Richards
285,Hugh Laurie
5602,Epic Records
12052,DeWitt Clinton
3235,Michael Ironside
6945,German
10861,Reading
9983,Wisconsin
8082,Nevada
10504,Scoop
3238,San José State University
4058,Ebbsfleet United F.C.
13592,Joanna Lumley
11727,Montgomery County
8839,preacher
14416,Passaic
11598,Havana
13689,Shelby County
11869,marimba
3464,Osgoode Hall Law School
7925,Uwe Boll
12088,carrot
9048,Makerere University
8979,Terrence Howard
7816,Six Degrees of Separation
3173,Sutton Coldfield
3194,Bradford
6689,Isle of Wight
7,San Angelo
9076,Roy Orbison
14455,Wilmington
10979,Wiesbaden
7234,Kyushu
12623,Lewis Milestone
13753,artist
10511,glam rock
12867,Mike Nichols
10883,Bath
11294,Daytime Emmy Award for Outstanding Children's Animated Program
5436,Entertainment Tonight
3811,Dominion of New Zealand
5077,Dropkick Murphys
6404,Richard M. Sherman
13850,The Hobbit: An Unexpected Journey
10125,Ian McNeice
5780,Turkey national football team
14325,Haverhill
6998,John Dewey
1766,British Army
787,dream pop
3878,Willamette University
12612,American Reunion
5,Waco
1418,Atalanta B.C.
8927,Ridley Scott
13716,Centre County
6515,baritone saxophone
8088,Kyra Sedgwick
11075,Scream 4
1061,blood
12315,Oklahoma Sooners football
10101,National School of Drama
3198,Maurice Jarre
8341,Newfoundland Time Zone
12321,pedophilia
8091,David Koechner
8416,political satire
3611,Celebrity Fit Club
11537,Sweden
243,Ashkenazi Jews
4743,Kansas Jayhawks football
1301,Grammy Award for Best Rock Instrumental Performance
13394,Solano County
6162,Ken Ralston
6755,Carlos Ruiz
13112,Peter Jackson
13833,Blow
11814,Allegany County
362,travel
757,Javier Bardem
9015,Timothy Busfield
7930,Main Hoon Na
2015,Marcus Miller
14297,Wichita
8814,Nutty Professor II: The Klumps
2147,University of South Dakota
8152,James Franco
13190,Snow White and the Seven Dwarfs
12153,Christopher Young
5771,Mark Harmon
5275,Satellite Award for Best Costume Design
1195,Law & Order: Special Victims Unit
8733,Tomoyuki Tanaka
2344,Booker T. Jones
8464,private university
767,Chongqing
13604,John Varley
1186,John W. Campbell Award for Best New Writer
9273,Universal Music Group Nashville
12304,21st Academy Awards
14491,Donald Sutherland
3882,catcher
5979,Shutter Island
4230,University of Reading
534,Elijah Wood
9568,Maury Chaykin
2099,Simon Fuller
2061,Poughkeepsie
3328,Todd Haynes
13418,Sex and the City
9763,Tim Burton
2722,John Lennon
984,"Academy Award for Best Documentary, Short Subject"
3920,Danish
3325,Sky 1
7134,Funny People
1274,Grammy Award for Best Reggae Album
5750,government
12249,Scott Rudin
10809,Anonymous
1642,Gena Rowlands
8228,Kick-Ass
765,George Seaton
4786,Alexander Payne
5530,N.K. Dinamo Zagreb
8658,Carmine Coppola
13414,Maggie Smith
1758,Babylon 5
7176,The Messenger: The Story of Joan of Arc
5568,gunshot
1666,The Last Samurai
9664,Toho
5062,Ennio Morricone
10386,Deleted scene
9686,A Single Man
4840,blue-eyed soul
10280,Buddhism
10761,Napalm Records
7899,K.S.C. Lokeren Oost-Vlaanderen
11579,Jay Kogen
10059,War of 1812
967,Robert Young
281,Wheeling
4136,Nagpur
6469,Orlando
1957,Rockhampton
4649,Edgar Rice Burroughs
7907,Rafael Nadal
10529,2006 NFL Draft
550,Etta James
10475,purple
13133,Brazil
9590,300
821,second baseman
6098,Ohio Senate
4390,Gettysburg College
13577,Love Is a Many-Splendored Thing
4632,Scary Movie 2
8056,percussion
12766,Toronto
4065,Woking F.C.
6242,Hans Christian Andersen
12597,Academy Award for Best Director
11791,baritone guitar
13809,Grafton County
5828,Nick Lachey
7476,Lord Byron
13092,Last of the Summer Wine
2196,Chad
13688,Bexar County
13725,Marion County
7366,Latvia
5388,Rochdale
11578,John Kerry
9023,Rhodesia
6485,Frances Fisher
8451,Zombieland
8707,prime minister
5033,Wales national football team
11161,Joseph R. Gannascoli
304,Huddersfield
11886,Toy Story
10112,Kader Khan
8353,The Interpreter
4756,Allen Leech
10528,AEL Limassol FC
2869,Czech
222,Richard Curtis
9408,64th Academy Awards
14305,Bowling Green
13994,applied mathematics
10290,Neil Ross
332,contemporary Christian music
9683,The Last King of Scotland
5703,3000 Miles to Graceland
3957,South Cambridgeshire
5324,Robert Guillaume
1733,Neuilly-sur-Seine
13294,SBV Excelsior
549,The Adventures of Baron Munchausen
1257,1999 Grammy Awards
6834,July
3974,Oberlin Conservatory of Music
9394,Pride & Prejudice
752,The People vs. Larry Flynt
12102,Otsego County
7051,Tony Todd
14086,Rocky IV
5851,Japan
9,Wichita Falls
9942,Vitamin C
5917,Pratt Institute
734,singer-songwriter
10976,Michael McConnohie
9238,Tom Cherones
3423,Hulk
14011,AOL
14530,Richie Sambora
8954,Royal Air Force
6775,Belarus national football team
1710,Batman Forever
802,Richmond
4204,Grammy Award for Best Contemporary Folk Album
14099,Adolph Zukor
6349,Skip Lievsay
8102,Newfoundland
12898,Jamie Lee Curtis
7760,Mauritius
12849,"Hasbro, Inc."
5624,Thomas Haden Church
11190,MTV Movie Award for Best Jaw Dropping Moment
2166,Corpus Christi College
849,University of Tokyo
8795,canoe sprint
12227,Dakota Fanning
6333,Scrooged
6163,Honduras
9462,Japan Academy Prize for Outstanding Performance by an Actress in a Leading Role
4354,Javanese people
1445,Liberal Democrats
536,Ethan Hawke
6390,Michelle Williams
5143,Degrassi: The Next Generation
10272,Laura Bailey
13498,Boise State University
10723,Norristown
3770,The Wiz
12190,Harford County
11560,storyboard artist
10818,Carol Leifer
13777,Guilford County
10425,Traffic
1798,Florida State University
4650,Hamburger SV
11240,Mike Nawrocki
6909,Samuel Fuller
9817,United States Senate
11838,Nicole Sullivan
3218,Enemy at the Gates
11640,The Water Horse
9503,Graham Gouldman
170,Yue Chinese
14182,Santa Clara
12136,Hanoi
2522,Michelle Rodriguez
13148,UNK_4
5044,United States men's national soccer team
5267,Satellite Award for Best Original Song
1292,Bollywood
11104,Candlelight Records
13152,Mukri
2850,John Legend
4765,"California State University, Fresno"
12422,Fast Food Nation
10943,Glasnevin Cemetery
14152,Lynwood
10191,UNK_0
7583,Sam Trammell
11810,Bernie
8167,Madagascar 3: Europe's Most Wanted
7548,Arjen Anthony Lucassen
6682,Alabama State University
6459,The Coca-Cola Company
2671,electronic keyboard
2016,University of Groningen
912,Burlington
1965,Billy Connolly
1684,Balochistan
8009,The Mickey Mouse Club
7355,Book of Shadows: Blair Witch 2
6646,Vertigo Records
11940,Salt Lake City
2486,2000 Grammy Awards
11795,chief executive officer
3008,Loughborough University
137,Walter Pidgeon
10856,Albert Finney
6539,In Harm's Way
6103,Neftchi Baku PFC
12831,rector
7015,Angola national football team
13328,Even Cowgirls Get the Blues
4108,105th United States Congress
8058,Robot Chicken
11501,ice cream
1501,Liberal Party
9778,Shandong Luneng Taishan F.C.
4098,Stanley Tucci
8426,Lords of Dogtown
6527,Asylum Records
1505,Reform Party of Canada
2868,Adam Ant
10034,William Faulkner
5459,Christine Lahti
3039,Pacific War
102,The Fifth Element
2065,Kingston
10068,Arthur Christmas
14248,Belleville
5160,Anne Hathaway
9692,Taylor Lautner
446,Darlington
2210,Middletown
7780,Ben Burtt
8825,Clive A. Smith
5935,Kentucky Wildcats men's basketball
14430,Rochester
14104,Bryan Ferry
11992,Putnam County
10621,War and Peace
946,Fitzwilliam College
2305,Deep Impact
14323,Taunton
6519,James G. Robinson
11832,Tyrannosaur
13475,Nick Nolte
12079,Vienna
7218,F.C. Bari 1908
4633,Keenen Ivory Wayans
14170,Fontana
7192,John Patrick Shanley
9714,The Rolling Stones
9070,Deconstructing Harry
5527,Florence
6479,Will Arnett
29,kazoo
7761,Ken Annakin
1258,Poitou-Charentes
6400,Antwone Fisher
7991,The Mothers of Invention
14168,Rancho Mirage
13823,Virgin Records
7199,Kansas State University
9116,Howard Morris
10376,Broadcast Film Critics Association Award for Best Supporting Actress
12044,Onondaga County
5116,The University of Akron
6783,Little Nicky
9133,Imogen Heap
9777,typhoid fever
11735,I'm Not There
2994,Carthage
9439,Jayaram
10144,Judy Greer
11835,Beijing Guoan F.C.
13326,The Nun's Story
8952,Raymond Chandler
10841,1993 NCAA Men's Division I Basketball Tournament
8845,Pretoria
2283,kidney failure
8273,Nelson Mandela
2827,Danger Mouse
14271,1984 Winter Olympics
11847,Star Wars Episode IV: A New Hope
6774,Malta national football team
5037,Sarah Polley
12638,Ajax Cape Town F.C.
12367,Heartbeats
8517,Space Cowboys
9900,United Airlines
98,1952 Winter Olympics
242,2002 Grammy Awards
71,The Thin Red Line
3998,David Walliams
3310,Stalybridge Celtic F.C.
7246,management
8939,Into the West
3619,Time 100
12080,Broadcast Film Critics Association Award for Best Composer
526,Serpico
323,University of Bath
2778,Vanilla Ice
7209,Thomas Ian Nicholas
12985,Washington County
12180,The Amazing Spider-Man
6094,KF Tirana
14222,Decatur
1400,Eurythmics
12885,American Graffiti
8499,poetry
5322,Oliver Platt
1682,Armenian Apostolic Church
435,University of Tehran
8031,Mulholland Drive
1874,Cambridge United F.C.
997,Canadian Army
5406,Fox News
1531,Women in Love
7298,Road Trip
2391,Calgary
14425,Auburn
8732,Pittsburgh Pirates
11644,Suffolk County
7616,Liberal Party of Australia
12714,DL-glutamic acid
11248,Al-Gharafa Sports Club
10326,show jumping
7123,The Last Station
5318,David Javerbaum
8321,Khyber Pakhtunkhwa
12211,Brno
9855,University of Arizona
11080,Charlie Cox
1689,Case Western Reserve University
737,Stephen Rea
10073,Pre-Code Hollywood
4128,"Arthur Wellesley, 1st Duke of Wellington"
10891,Primetime Emmy Award for Outstanding Supporting Actress in a Drama Series
12019,John Denver
8112,Niels Bohr
3169,University of Jena
9073,Robbie Coltrane
7332,Summit Entertainment
2939,Mike Piersante
2124,Sunderland
6296,Kaley Cuoco
5253,Sharat Saxena
10890,Primetime Emmy Award for Outstanding Lead Actor in a Miniseries or a Movie
5317,Florida
13830,London Borough of Camden
11409,Brian Baumgartner
9837,Uruguay
2161,The University of Hong Kong
2406,Jude Law
9861,University of Sussex
12527,Contraband
3898,Devon
4584,Tim McGraw
6716,Joss Ackland
11773,Anne Arundel County
14412,Perth Amboy
14173,Coronado
3185,World Fantasy Award for Best Novel
6300,Houston
2986,Grease
4611,Ed Wood
7759,Chad Hugo
7381,Louvre Museum
12853,Boris Karloff
13252,USA Network
5712,Cyprus national football team
14143,Concord
1808,Cole Porter
4115,The Fly
10187,Randers FC
5731,Young Adam
4472,RMIT University
6596,Arjun Rampal
7276,Sarah Silverman
1079,Carson Daly
3904,Herb Alpert
11831,The Muppets
3588,Nebula Award for Best Novel
10664,Hong Kong Film Award for Best Supporting Actress
13089,Illinois Institute of Technology
3360,Maggie Gyllenhaal
237,Q2927648
8837,Phish
6851,Annabeth Gish
14533,Anton Chekhov
427,Peter Cushing
13931,Tori Spelling
11580,Enchanted
3759,Ben Silverman
7102,Kristin Chenoweth
7081,Kenya national football team
7996,Abilene Christian University
10002,County Wicklow
5223,The Flintstones in Viva Rock Vegas
10597,snowboarding
4254,John Boorman
4277,Union
2938,Shania Twain
2895,Eddie Vedder
1235,Leon Schlesinger
9585,Adewale Akinnuoye-Agbaje
1825,Battle of Britain
12141,keyboardist
12871,Seoul
5123,New Age music
14023,Paul Shaffer
503,Glenda Jackson
2062,software
5742,geology
11213,Thomas Hardy
14008,Sammo Hung
2301,Star Alliance
12407,The Dictator
1611,Greek Orthodox Church
11210,It Happened One Night
10885,Duke Ellington
4154,Hilary and Jackie
6559,Indonesia
9741,theft
4048,Swansea City A.F.C.
12055,Golden Reel Award
2208,Lorimar Television
1270,Grammy Award for Best Male Pop Vocal Performance
14299,Arnold Schwarzenegger
9530,Texas
14050,Michael Collins
1348,Lost Highway
4090,The Butterfly Effect
4668,Hema Malini
10341,philosophy of science
3469,Paul Gross
10608,12th Screen Actors Guild Awards
7568,RC Strasbourg
884,MCA Inc.
13895,Basilicata
13932,John F. Kennedy International Airport
5467,Curb Records
4968,Jeffrey Jones
8274,technical death metal
5626,Johnnie To
9860,Libertarian Party
1861,Emmanuel College
187,Mike Watt
3825,The Tudors
7174,Napoli
13998,Chris Elliott
13646,Everton F.C.
7912,Bob Balaban
4694,Dom DeLuise
10173,Austin Pendleton
9263,Shanghai
9718,They Might Be Giants
1382,American Hockey League
6732,David Alan Grier
5061,California Institute of Technology
4141,House of Sand and Fog
9108,South America
5408,Jung Sung-ryong
5046,Dabney Coleman
4113,102nd United States Congress
695,Randy Travis
434,biology
2047,Walsall
5338,Duff McKagan
12625,Ben Hecht
6566,Callum Keith Rennie
1108,consumer electronics
13786,Sussex County
10904,Battleship
215,Indian National Congress
11329,Moldavia
10248,David Shore
11878,Joan Collins
641,Koblenz
14135,Prescott
3853,drum and bass
514,Tobey Maguire
4770,Milena Canonero
13770,Cuyahoga County
14114,Second Crusade
14470,New College
9272,Can't Stop the Music
9688,Toledo
2794,Shirley MacLaine
9228,The New School
4503,cis-oleic acid
7820,John Wood
1090,Yahoo
6130,Babylon 5: The Gathering
14024,Carl Reiner
13849,Marley & Me
8330,Newfoundland and Labrador
3951,Notts County F.C.
4247,MTV Video Music Award for Best Hip-Hop Video
13214,Natalie Wood
13372,Van Nuys
12048,Caracas
12483,New Hampshire's 2nd congressional district
10476,Satellite Awards 2009
4145,Union College
9315,Christopher McDonald
11911,Asian people
5453,Steven Culp
13174,Berkshire County
12343,Public Enemies
491,Berlin International Film Festival
5228,Frank Zappa
8044,Fantastic Four
10329,Blake Edwards
9120,Suriname
12253,Stephen Baxter
11247,Sacha Baron Cohen
7614,Leeds
11418,John Swasey
11314,The Sum of All Fears
11072,Carey Mulligan
5364,73rd Academy Awards
3381,Preston Sturges
8309,Nastassja Kinski
8492,Iron Man 2
8382,Ricardo Antonio Chavira
3461,Grammy Award for Best Small Ensemble Performance
13295,Sparta Rotterdam
901,Arunachal Pradesh
3497,Preity Zinta
13715,Chester County
3476,J-pop
7434,Yu-Gi-Oh! Duel Monsters
348,Iron Maiden
7905,SC Freiburg
11424,My Fair Lady
6541,Jerome Flynn
10812,Noam Chomsky
7107,1995 Major League Baseball draft
9980,University of Nairobi
574,The Isley Brothers
8944,John Stephenson
7949,Trentino
9826,University of Oxford
9275,sugar
13253,Mary Poppins
3171,Wigan Athletic F.C.
275,Longview
13471,University of Paris
5494,Harry Potter and the Chamber of Secrets
13637,Yakima County
1251,Robert McKimson
3284,Italians
8422,Jeff Bhasker
5809,green
7395,William A. Horning
8880,Thank You for Smoking
11001,2006 NCAA Men's Division I Basketball Tournament
5335,coach
3364,Iowa Writers' Workshop
1010,Blue Velvet
2205,That '70s Show
6216,Jim Sheridan
3780,Tony Longo
11048,superhero
7173,Stephen Merchant
336,Nickelodeon
8434,Oscar Wilde
13360,soundtrack
7884,77th Academy Awards
5227,Grammy Award for Best Rock Song
6544,Italy
1700,Bob Jones University
1937,Tyrese Gibson
8867,Qatar
12162,Orson Scott Card
2338,Belmont University
12202,pork
1259,Lower Normandy
5207,Grammy Award for Best Latin Pop Album
8565,Clash of the Titans
11971,Angelina Jolie
269,Bethlehem
8084,Native Americans in the United States
7733,John Larroquette
3839,Gary Barber
11540,Reims
2925,Christian Bale
3365,Rick Rubin
13545,Halloween
2723,Jack Black
452,Gonville and Caius College
9045,Los Angeles City College
3684,Alan Hume
4997,Craig Bellamy
5785,University of Detroit Mercy
1246,Grammy Award for Best New Artist
13935,Die Hard
12371,Hungarian people
10560,Leo Bertos
12392,Canadian American
1372,film producer
11142,San Luis F.C.
11196,38th Academy Awards
833,Phillips Academy
657,folk rock
10868,Kiernan Shipka
1707,Batman Returns
7662,Lynyrd Skynyrd
7712,Manhattan School of Music
4630,Exeter
195,Yomiuri Giants
5542,Steven Wilson
8597,Megan Fox
5497,Mindscape
11204,27th Academy Awards
2286,University of Kentucky
729,Sam Shepard
13402,Will County
2295,Australian National University
13280,Abruzzo
4618,Goddard College
12894,Faye Dunaway
8521,punk rock
9316,Ocean's Eleven
10494,Saxony-Anhalt
13587,sheriff
14000,Johnny Carson
1854,Amrish Puri
2502,Pauly Shore
1316,Emeric Pressburger
5849,Alan Dale
12691,Argo
11498,art rock
135,attack
8343,Deva
8453,Centurion
1199,urinary bladder cancer
8248,New Mexico
8883,Resident Evil: Extinction
7279,heist film
2598,Ontario Liberal Party
4656,Charlie Kaufman
199,garage rock
7832,The Missing
1635,28th United States Congress
381,Steely Dan
13899,Linn County
10402,psychological thriller
4432,Des Moines
4450,ethics
11854,Leon Cort
5496,Harry Potter and the Goblet of Fire
7154,Club de Futbol Olimpia
129,Isabelle Huppert
11158,Rosie O'Donnell
810,film score
5885,Algeria national football team
4280,Central Time Zone
4114,Cheaper by the Dozen
10573,A Time to Kill
7624,Charlie and the Chocolate Factory
11634,Utrecht
9256,Ice Age
1076,CR Vasco da Gama
13366,Vocoder
3539,24: Redemption
8578,paganism
4655,David Sanborn
1309,major general
10091,Ben Cross
6969,Sony Music Entertainment
1540,Six Feet Under
9401,Santosh Sivan
1713,Tony Bennett
6804,Lund
2853,Quincy Jones
13506,LeVar Burton
1920,Norwich City F.C.
12186,Robert Lantos
6031,Gillian Anderson
9469,Stephen Sondheim
4642,DePaul University
1631,23rd United States Congress
7523,Thai Chinese
12972,Patrick Stewart
6815,Jim Jarmusch
10845,1999 NCAA Men's Division I Basketball Tournament
8252,Bewitched
3474,Paul Francis Webster
8105,Northwest Territories
8920,Vejle Boldklub
4574,Michael Apted
13520,Cochise County
12119,Goya Award for Best Actor
4715,EMI Records
7536,Lisbon
9901,John Michael Higgins
10908,Felix Bastians
1296,Grammy Award for Best Male Rock Vocal Performance
12308,aviation
2638,The Who
2604,Dennis Quaid
11541,Pearl Jam
13562,Allegheny County
2094,Roy Wood
13357,Rochester Institute of Technology
9492,Lorraine
260,Alexandria
12449,2011 Libyan Civil War
5175,European American
4105,Darwin
9034,Robin Wright
1491,Motherwell F.C.
11452,D. W. Moffett
8261,No Wave
7067,John Keats
9624,Tom Stoppard
5805,2003 NBA Draft
64,As Good as It Gets
7659,Legion of Merit
3009,Artie Lange
746,Europop
14083,Danny DeVito
1609,Nine Years' War
11160,Mel Gibson
103,Fulham
13591,Kitchener
13028,North Carolina State University
2081,Damian Marley
871,Tom Green
2680,Rupert Everett
9342,Michael Patrick King
11208,diabetes mellitus
10789,Nigel Lythgoe
5032,İzmir
2992,Leeds United A.F.C.
3059,Koei
2951,Barnsley Football Club
685,Nelly
5516,Morgan Creek Productions
5575,It
12421,bassist
12401,Swindon
7983,Golden Globe Award for Best Original Song
2662,Billy Boyd
10611,Catch-22
1266,Bengali
1901,Livorno
14463,Brasenose College
2218,Binghamton University
7269,Josh Lucas
13528,Fairfield County
386,Oaxaca
9828,Emma
11657,Lancashire
6305,Scary Movie 3
831,Essen
7869,Manchester United F.C.
9184,EA Canada
11673,cystic fibrosis
1959,librarian
11202,Grammy Award
836,Beastie Boys
4853,John C. Reilly
7875,Aishwarya Rai
586,Robert Shaw
8811,Detective Dee and the Mystery of the Phantom Flame
4061,Shrewsbury Town F.C.
8571,University of Hamburg
12817,agriculture
10711,The Wings of the Dove
7685,Matt Groening
1909,treasurer
14137,Hot Springs
14206,Bradenton
12557,Nicole Scherzinger
12091,Capsicum
2531,Richard E. Grant
12588,Jules White
152,vomiting
4700,Lili Taylor
7862,Asociados Avellaneda
11660,Jujamcyn Theaters
7049,John Frankenheimer
6128,Kings of Leon
312,Jane Horrocks
11038,Hairspray
5567,Columbia College
1722,FC Energie Cottbus
7377,Scott Glenn
10055,West Bengal
7997,Morgan Freeman
3324,John DiMaggio
13670,Danville
13257,Greensboro
4909,Eric Clapton
3122,hardcore techno
797,INXS
6570,Confessions of a Dangerous Mind
2006,Toronto Argonauts
2356,Shinya Tsukamoto
8611,Pentecostalism
2369,"Bandai Co., Ltd."
3725,Good Morning America
9673,Miami Hurricanes football
9928,Cyril J. Mockridge
5367,neo-classical metal
5472,legislator
7167,Thirteen Days
3996,French Revolution
10731,In the Name of the Father
541,television film
3191,Caravaggio
11680,Dredd
7514,Hershey Bears
6259,War of the Fourth Coalition
8907,Rhode Island
11638,Lexington
197,Asian American
4409,actor
12049,Niagara County
7280,Dehradun
421,Danzig
13258,County Armagh
11916,John Coltrane
523,Bulgaria
489,Melvyn Douglas
7211,Kingston upon Thames
5385,Cannes Film Festival Award for Best Actor
3585,EA Sports
13837,Marylebone
8948,rail transport
7455,De Graafschap
7748,PopCap Games
4685,The Mars Volta
13160,Nikolai Rimsky-Korsakov
2978,Toy Story 2
10808,True Grit
5735,Culinary Institute of America
5094,Louis Gossett
7333,How to Train Your Dragon
8433,John Davis
5420,Diane Warren
280,King's College
14259,Burlington
10638,JFK
9467,Bird
10730,Irving
4025,Peterborough United F.C.
2466,Marche
7205,Modena F.C.
2510,Allen Iverson
1633,26th United States Congress
444,blues
5178,Flo Rida
13812,Yonkers
9046,Vidya Balan
13597,child actor
2987,Yeovil Town F.C.
10666,Hong Kong Film Award for Best Film
11590,gay
4174,The Prince of Egypt
9990,West Germany
10230,Italia Conti Academy of Theatre Arts
1386,Keith Jarrett
7066,The Wire
11769,bubblegum pop
10,"Hackensack, New Jersey"
899,Viacom
6401,Geoff Johns
2238,Heidi Klum
2513,carbohydrate
8430,A Pup Named Scooby-Doo
4647,War of the Worlds
9065,Charles Rosher
12390,Alicia Keys
9303,OFI Crete
5085,Timothy Hutton
10131,Mohamed Kallon
9962,Droylsden F.C.
3569,Peter Dinklage
13433,Bethel Census Area
9948,Giancarlo Esposito
9667,Green Party of the United States
3241,Churches of Christ
5392,French cuisine
11824,Big Miracle
12865,62nd Berlin International Film Festival
7133,Primetime Emmy Award for Outstanding Main Title Theme Music
5235,Republic of Venice
8149,Nuremberg
6205,Martin Mull
7409,Walt Disney Imagineering
1030,Sunderland A.F.C.
9403,Mare Winningham
2905,KT Tunstall
5042,Dorchester
9607,The X-Files
3959,North Norfolk
502,Baruch Spinoza
4255,Marti Noxon
422,Glenn Danzig
11849,35th Academy Awards
9538,Tiffani Thiessen
4328,Jesus of Nazareth
6451,Haryana
11065,Barbara Stanwyck
2855,Donovan
12085,Dexter
6357,Rich Little
10606,Primetime Emmy Award for Outstanding Guest Actor in a Comedy Series
3879,Denver Broncos
4605,Andy Williams
606,Bridgeport
8891,quarterback
2349,Jeff Gordon
4855,Valkyrie
6411,Humphrey Bogart
11962,Pulp Fiction
12145,Stewart Copeland
7212,Ken Loach
6092,Toshiyuki Morikawa
4990,Bury My Heart at Wounded Knee
2037,Norwich
4736,Metropolis
12239,Little Rock
6461,Eastern European Time
8396,Ohio River
9801,In the Name of the King
7203,Vicenza Calcio
6135,Hawaii
3777,Central Alberta
13199,The Transformers: The Movie
1701,Sephardic law and customs
8924,The Rocky Horror Picture Show
10493,Herbie Hancock
2565,Acclaim Entertainment
2568,Burnley
11466,Brisbane Roar FC
3422,Rushmore
2103,Electronic Arts
11887,Vancouver Island
9069,Eastbourne Borough F.C.
8011,My Neighbor Totoro
10325,FC Barcelona B
4507,Equatorial Guinea
9449,James Schamus
14306,Amitabh Bachchan
14082,Taxi
11946,Miami
7369,linguistics
8595,Royal Medal
8835,Lori Alan
4969,Herbert Stothart
7059,Breda
2454,college rock
10782,The Untouchables
11762,Perugia
13867,Macomb County
9259,Rango
10934,Cameron Diaz
12567,Academy Award for Best Foreign Language Film
8418,Drake
10603,Primetime Emmy Award for Outstanding Supporting Actress in a Comedy Series
3939,Bo Derek
6705,Government College University
13846,Wandsworth
8602,Plymouth
9858,Ursula K. Le Guin
11669,sucrose
4309,Peter MacNicol
9622,McDonald's
4805,Body of Lies
14132,Mesa
6225,William Orbit
2884,Bret Michaels
3392,The Nightmare Before Christmas
2086,card game
11734,The History Boys
691,John Fogerty
7178,American Jews
4636,GT Interactive Software
6988,Jacques Lacan
3347,real property
7056,Yu-Gi-Oh! GX
6518,The Tree of Life
10317,Budapest
7602,defensive end
4623,Bachelor of Engineering
293,Vincent Price
4792,Angels in America
6372,Colleen Atwood
11194,Helen Hunt
3471,Katherine Heigl
14538,West Chester
11900,Iron Man
1114,Coronation Street
3071,Basingstoke
13439,1964 Summer Olympics
4314,Jason Biggs
7626,The New World
13784,Warren County
12574,Academy Award for Best Animated Feature
3947,Amritsar
1991,classics
531,Michael Gambon
10454,Augsburg
13430,Aisne
3786,Emir Kusturica
13217,RKO Pictures
7710,Mediterranean Sea
8189,Saboteur
14451,Asheville
13735,Warren County
12544,House of Representatives
2177,Don Knotts
2993,J. J. Abrams
7957,London Academy of Music and Dramatic Art
10835,1987 NCAA Men's Division I Basketball Tournament
528,Mobile Suit Gundam: Char's Counterattack
12715,L-Histidine
5072,Hollywood Records
2197,Chile
10516,Jordin Sparks
10369,Bruce Lee
8717,House of Wax
3551,Charles Pratt
11635,DL-fructose
9995,Bolero
3792,Gene Wilder
9384,Second Punic War
5907,Kevin Clash
13686,Collin County
548,Curtis Mayfield
481,Band of Brothers
5248,The Rum Diary
3709,The Go-Between
12525,Dan Castellaneta
7014,Zimbabwe national football team
8652,The Glenn Miller Story
5557,94th United States Congress
10236,Kristen Wiig
4445,epistemology
14445,Glens Falls
14382,Emmylou Harris
4520,Alan Ladd
6071,keytar
13103,Lake County
13337,Vaucluse
3501,Panathinaikos F.C.
1678,Hebrew University of Jerusalem
4876,Jerry Hey
1685,Soviet Air Forces
5476,Dick Clement
1647,Terminator 3: Rise of the Machines
127,Swarthmore College
14216,Sarasota
6810,Resident Evil
8545,Protestantism
12135,Freetown
11860,Swimming Upstream
9946,Knight and Day
7762,The Cardinal
9001,Xanthi F.C.
11441,Donald Trump
3502,copper
12991,Dune
12802,Schindler's List
8462,Salt
11171,From Hell
11861,U2
10984,Tangerine Dream
3482,Vincente Minnelli
7383,Indian American
6044,Miriam Margolyes
9578,Tokyo
6445,Kevin Williamson
3592,Nebula Award for Best Novelette
1465,Bath Iron Works
1665,Islamic studies
11693,Tianjin
12130,Bangkok
9112,science fiction
11377,Death on the Nile
9294,Stephen Jay Gould
469,lieutenant
6890,Jewish people
12649,Southern California
14059,Tina Fey
8768,The Good Wife
8370,Ohio State University
1562,Kurt Russell
6105,Sliema Wanderers F.C.
578,Sharon Osbourne
9468,Serbia
9883,United States Virgin Islands
3941,electro
2031,New Britain
11337,production sound mixer
13909,McHenry County
8866,Damon Lindelof
12005,Robert Clohessy
1805,The Birdcage
13474,April
11391,World War I
1310,major
3608,Brody Jenner
7769,Mongolia
719,shoegazing
13114,Peter Tork
1598,CNBC
5126,Dolph Lundgren
10811,Please Give
9669,Thomas Aquinas
11170,Sherri Shepherd
14279,Platoon
4324,Grammy Award for Best Pop Instrumental Performance
4572,Dominic Chianese
9707,Til Schweiger
4757,reggae fusion
10387,Tom Ruegger
9745,The Straight Story
696,Randy Newman
13910,Madison County
6206,Slumdog Millionaire
4180,The Hollies
6209,University of Richmond
10679,University of Glasgow
6654,customer service
682,Julie Walters
6968,Natsume
2336,University of Colorado Boulder
6082,Lasker-DeBakey Clinical Medical Research Award
9823,University of Pennsylvania
7736,Richard Fleischer
8385,First War of Scottish Independence
11929,United States Department of the Treasury
7348,39th Canadian Parliament
8613,Charles S. Dutton
9630,Jacob Vargas
6468,Michael Moriarty
3800,Writers Guild of America Awards 2006
9732,The Good Shepherd
6149,Writers Guild of America Awards 2007
9453,It's Complicated
6881,Michael Haneke
5083,Josh Weinstein
6930,FC Sion
188,Carlos Santana
6084,Honolulu County
13197,Seven Years' War
13423,Time Warner
14096,Tuscaloosa
12943,Spirited Away
7022,Naveen Andrews
11686,Himani Shivpuri
8615,pediatrics
12874,Isabella Rossellini
10978,In the Bedroom
12375,Equus
7328,Merck & Co.
11652,Sierra Nevada
11148,George Hopkins
581,Persea americana
3834,Douglas Coupland
12087,Governor-General
4313,Berklee College of Music
5411,"California State University, Sacramento"
2562,Jerry Bruckheimer
666,Mona Lisa
5727,official
9227,Somalia
7281,Kristine Sutherland
10911,All About Eve
14035,Jay and Silent Bob Strike Back
3326,Lucknow
1464,Kathryn Bigelow
2294,Christopher Columbus
9206,Hensley Meulens
12672,The Sessions
8607,Mark 'Spike' Stent
2289,jockey
9191,The Adventures of Ford Fairlane
2004,Wichita State University
7509,Griffin Dunne
9541,The Rock
7470,Sapienza University of Rome
9879,Conservative Party
9561,telepathy
3922,Hoffa
2482,Spanish Empire
6923,James Buchanan
12216,Tashkent
13761,Licking County
7757,Paul Guilfoyle
771,Delta blues
3778,Charlie Daniels
1022,badminton
5578,What Dreams May Come
3078,Revelation Records
4133,Ida Lupino
12721,Little Miss Sunshine
7777,Los Angeles Angels
2446,structural engineer
2707,Robbie Robertson
11575,Wuppertal
147,University of Notre Dame
11308,Russian Empire
8543,Gigi
3168,Royal Military Academy
14119,Black Hawk Down
1437,Dario Argento
382,National Film Board of Canada
12053,supernatural
1726,Matthew Perry
2400,civil engineering
3000,spokesperson
8955,Red Army
6645,V2 Records
10526,North Rhine-Westphalia
3931,Dinah Shore
6776,Cheryl Hines
12739,Valencia
2589,Eastern Cape
8755,Kiss Kiss Bang Bang
2849,Kirstie Alley
1841,Los Angeles Galaxy
6175,Carter Burwell
2313,Rod Taylor
10708,Jennifer Aniston
6697,S.C. Braga
2699,Wendy Melvoin
8310,University of Ghana
5941,Mongol conquests
1956,Spike
13557,Sandra Bernhard
10121,Graeme Revell
13235,The Pride of the Yankees
2773,Tina Turner
9171,Geoffrey Unsworth
8322,Nazism
713,sailor
5836,chief of police
14523,a cappella
4819,Wonder Boys
4213,University at Albany
6504,communication medium
12897,Tony Curtis
6948,Nirupa Roy
13320,Inyo County
888,John Rhys-Davies
10869,UNK_13
9871,Federalist Party
4163,UNK_5
9833,Peterhouse
1302,Grammy Award for Best R&B Song
11300,Fred Tatasciore
436,Michelle Forbes
7898,Beerschot AC
2072,John Debney
8108,Lakeshore Entertainment
1221,zither
7496,alpha-tocopherol
3145,Bandung
2898,Ashanti
13707,Lycoming County
2580,Jason Robards
11446,Secret of the Wings
9064,Ryan Kwanten
3384,City University of New York
12711,Claude Rains
4659,Dover Athletic F.C.
8249,North Carolina
8169,Precious
6095,FC Levadia Tallinn
9540,The Big Lebowski
3657,Step Brothers
13953,Frankfurt (Oder)
2591,Durban
9156,scientist
7702,Jeph Loeb
11005,St. George's Chapel
9011,William H. Daniels
12480,Council Bluffs
12221,Casablanca
10033,Grindhouse
5869,Jonathan Swift
9237,Allies
2683,bass
7732,Malawi
11797,The Wicker Man
402,King's College London
850,Heather Locklear
12756,Wonder Woman
7935,Murray Rothbard
258,Springfield
9835,Cameron Mitchell
2790,Courtney Love
6617,French people
2919,Rotorua
7508,Christopher Boyes
10714,Laura Dern
1397,Cradle of Filth
407,Bill Cosby
10901,kickoff returner
13478,Appalachian Mountains
4203,David Foster
3511,Spy Kids 3-D: Game Over
9702,Ira Steven Behr
12256,Annapolis
5034,Velvet Goldmine
3506,High Fidelity
4599,silver medal
8344,nu metal
5185,Steven Bauer
13435,Kenai Peninsula Borough
11462,Atonement
6499,G.I. Joe: The Rise of Cobra
7569,Toulouse F.C.
6869,66th Golden Globe Awards
3958,dyslexia
8736,environmentalism
9748,Samuel Vincent
14294,Somerville
1082,Family Guy
14329,Salem
11931,Haim Saban
2792,Cambridgeshire
13989,Patton
10748,Murfreesboro
2412,Kinji Fukasaku
6512,Shobha Kapoor
2520,United States Marine Corps
8117,Midnight in the Garden of Good and Evil
5969,Sunil Varma
